id,created_date,modified_date,is_active,country_name,created_by_id,modified_by_id,country_code
1,2018-05-28 16:23:04.825642+05:30,2018-05-28 16:23:04.825642+05:30,TRUE,India,1,1,91
2,2018-05-28 16:23:04.825642+05:30,2018-05-28 16:23:04.825642+05:30,TRUE,Papua New Guinea,1,1,675
3,2018-05-28 16:23:04.825642+05:30,2018-05-28 16:23:04.825642+05:30,TRUE,Australia,1,1,21
4,2018-05-28 16:23:04.825642+05:30,2018-05-28 16:23:04.825642+05:30,TRUE,Egypt,1,1,25
5,2018-05-28 16:23:04.825642+05:30,2018-05-28 16:23:04.825642+05:30,TRUE,Barbados,1,1,36
6,2018-05-28 16:23:04.825642+05:30,2018-05-28 16:23:04.825642+05:30,TRUE,Iran,1,1,52
7,2018-05-28 16:23:04.825642+05:30,2018-05-28 16:23:04.825642+05:30,TRUE,Armenia,1,1,86
8,2018-05-28 16:23:04.825642+05:30,2018-05-28 16:23:04.825642+05:30,TRUE,Brazil,1,1,75
9,2018-05-28 16:23:04.825642+05:30,2018-05-28 16:23:04.825642+05:30,TRUE,Italy,1,1,20
