id,created_date,modified_date,is_active,name,path,format,created_by_id,modified_by_id
1,2018-09-10 21:57:00+05:30,2018-09-10 21:57:00+05:30,t,1.jpg,/var/www/media/photos/Administrator1.txt,png,1,1
2,2018-09-10 21:57:00+05:30,2018-09-10 21:57:00+05:30,t,1.jpg,/var/www/media/photos/Administrator1.txt,png,1,1
3,2018-09-10 21:57:00+05:30,2018-09-10 21:57:00+05:30,t,3.jpg,/home/next/.hcms/uploads/user_profile/3.jpg,jpg,1,1
4,2018-09-10 21:57:00+05:30,2018-09-10 21:57:00+05:30,t,4.jpg,/home/next/.hcms/uploads/user_profile/4.jpg,jpg,1,1
5,2018-09-10 21:57:00+05:30,2018-09-10 21:57:00+05:30,t,5.jpg,/var/www/media/photos/Rajasekar_Ganesan22.txt,png,1,1
6,2018-09-10 21:57:00+05:30,2018-09-10 21:57:00+05:30,t,6.png,/var/www/media/photos/Shivaramakrishnan.txt,png,1,1
7,2018-09-10 21:57:00+05:30,2018-09-10 21:57:00+05:30,t,7.jpg,/var/www/media/photos/Gokulraj_Chandran31.txt,png,1,1
8,2018-09-10 21:57:00+05:30,2018-09-10 21:57:00+05:30,t,8.jpg,/var/www/media/photos/Nandhini_Mahendran33.txt,png,1,1
9,2018-09-10 21:57:00+05:30,2018-09-10 21:57:00+05:30,t,9.jpg,/var/www/media/photos/Karthikeyan_Gnansambantham35.txt,png,1,1
10,2018-09-10 21:57:00+05:30,2018-09-10 21:57:00+05:30,t,36.jpg,/var/www/media/photos/Shanmugam_Subramanian36.txt,png,1,1
11,2018-09-10 21:57:00+05:30,2018-09-10 21:57:00+05:30,t,38.png,/var/www/media/photos/Karthikeyan_Ranganathan38.txt,png,1,1
12,2018-09-10 21:57:00+05:30,2018-09-10 21:57:00+05:30,t,12.jpg,/var/www/media/photos/Jayavel_Jayasaravanan39.txt,png,1,1
13,2018-09-10 21:57:00+05:30,2018-09-10 21:57:00+05:30,t,13.jpg,/var/www/media/photos/Karthika_Sokkalingam41.txt,png,1,1
14,2018-09-10 21:57:00+05:30,2018-09-10 21:57:00+05:30,t,14.jpg,/home/next/.hcms/uploads/user_profile/14.jpg,jpg,1,1
15,2018-09-10 21:57:00+05:30,2018-09-10 21:57:00+05:30,t,15.jpg,/var/www/media/photos/Sushma_Pandi55.txt,png,1,1
16,2018-09-10 21:57:00+05:30,2018-09-10 21:57:00+05:30,t,16.jpg,/home/next/.hcms/uploads/user_profile/16.jpg,jpg,1,1
17,2018-09-10 21:57:00+05:30,2018-09-10 21:57:00+05:30,t,17.jpg,/home/next/.hcms/uploads/user_profile/17.jpg,jpg,1,1
18,2018-09-10 21:57:00+05:30,2018-09-10 21:57:00+05:30,t,18.jpg,/home/next/.hcms/uploads/user_profile/18.jpg,jpg,1,1
19,2018-09-10 21:57:00+05:30,2018-09-10 21:57:00+05:30,t,19.jpg,/home/next/.hcms/uploads/user_profile/19.jpg,jpg,1,1
20,2018-09-10 21:57:00+05:30,2018-09-10 21:57:00+05:30,t,72.png,/var/www/media/photos/Lakshmi_Priyanka72.txt,png,1,1
21,2018-09-10 21:57:00+05:30,2018-09-10 21:57:00+05:30,t,21.jpg,/home/next/.hcms/uploads/user_profile/21.jpg,jpg,1,1
22,2018-09-10 21:57:00+05:30,2018-09-10 21:57:00+05:30,t,22.jpg,/home/next/.hcms/uploads/user_profile/22.jpg,jpg,1,1
23,2018-09-10 21:57:00+05:30,2018-09-10 21:57:00+05:30,t,23.jpg,/var/www/media/photos/Kavipriya_Jeyaprakash77.txt,png,1,1
24,2018-09-10 21:57:00+05:30,2018-09-10 21:57:00+05:30,t,24.jpg,/home/next/.hcms/uploads/user_profile/24.jpg,jpg,1,1
25,2018-09-10 21:57:00+05:30,2018-09-10 21:57:00+05:30,t,25.jpg,/var/www/media/photos/Ranjitha_Shanmugam79.txt,png,1,1
26,2018-09-10 21:57:00+05:30,2018-09-10 21:57:00+05:30,t,80.jpg,/var/www/media/photos/Sivanesh_Sivasami80.txt,png,1,1
27,2018-09-10 21:57:00+05:30,2018-09-10 21:57:00+05:30,t,27.jpg,/var/www/media/photos/Archanadevi_Arunachalam81.txt,png,1,1
28,2018-09-10 21:57:00+05:30,2018-09-10 21:57:00+05:30,t,28.jpg,/home/next/.hcms/uploads/user_profile/28.jpg,jpg,1,1
29,2018-09-10 21:57:00+05:30,2018-09-10 21:57:00+05:30,t,29.jpg,/home/next/.hcms/uploads/user_profile/29.jpg,jpg,1,1
30,2018-09-10 21:57:00+05:30,2018-09-10 21:57:00+05:30,t,30.jpg,/home/next/.hcms/uploads/user_profile/30.jpg,jpg,1,1
31,2018-09-10 21:57:00+05:30,2018-09-10 21:57:00+05:30,t,31.jpg,/home/next/.hcms/uploads/user_profile/31.jpg,jpg,1,1
32,2018-09-10 21:57:00+05:30,2018-09-10 21:57:00+05:30,t,32.jpg,/home/next/.hcms/uploads/user_profile/32.jpg,jpg,1,1
33,2018-09-10 21:57:00+05:30,2018-09-10 21:57:00+05:30,t,33.jpg,/home/next/.hcms/uploads/user_profile/33.jpg,jpg,1,1
34,2018-09-10 21:57:00+05:30,2018-09-10 21:57:00+05:30,t,34.jpg,/home/next/.hcms/uploads/user_profile/34.jpg,jpg,1,1
35,2018-09-10 21:57:00+05:30,2018-09-10 21:57:00+05:30,t,35.jpg,/home/next/.hcms/uploads/user_profile/35.jpg,jpg,1,1
36,2018-09-10 21:57:00+05:30,2018-09-10 21:57:00+05:30,t,91.jpg,/var/www/media/photos/Udhaya_Govindaraj91.txt,png,1,1
37,2018-09-10 21:57:00+05:30,2018-09-10 21:57:00+05:30,t,37.jpg,/home/next/.hcms/uploads/user_profile/37.jpg,jpg,1,1
38,2018-09-10 21:57:00+05:30,2018-09-10 21:57:00+05:30,t,38.jpg,/home/next/.hcms/uploads/user_profile/38.jpg,jpg,1,1
39,2018-09-10 21:57:00+05:30,2018-09-10 21:57:00+05:30,t,39.jpg,/home/next/.hcms/uploads/user_profile/39.jpg,jpg,1,1
40,2018-09-10 21:57:00+05:30,2018-09-10 21:57:00+05:30,t,40.jpg,/home/next/.hcms/uploads/user_profile/40.jpg,jpg,1,1
41,2018-09-10 21:57:00+05:30,2018-09-10 21:57:00+05:30,t,41.jpg,/home/next/.hcms/uploads/user_profile/41.jpg,jpg,1,1
42,2018-09-10 21:57:00+05:30,2018-09-10 21:57:00+05:30,t,42.jpg,/home/next/.hcms/uploads/user_profile/42.jpg,jpg,1,1
43,2018-09-10 21:57:00+05:30,2018-09-10 21:57:00+05:30,t,43.jpg,/home/next/.hcms/uploads/user_profile/43.jpg,jpg,1,1
44,2018-09-10 21:57:00+05:30,2018-09-10 21:57:00+05:30,t,44.jpg,/home/next/.hcms/uploads/user_profile/44.jpg,jpg,1,1
45,2018-09-10 21:57:00+05:30,2018-09-10 21:57:00+05:30,t,45.jpg,/home/next/.hcms/uploads/user_profile/45.jpg,jpg,1,1
46,2018-09-10 21:57:00+05:30,2018-09-10 21:57:00+05:30,t,46.jpg,/home/next/.hcms/uploads/user_profile/46.jpg,jpg,1,1
47,2018-09-10 21:57:00+05:30,2018-09-10 21:57:00+05:30,t,113.png,/var/www/media/photos/NOT_TO_USE113.txt,png,1,1
48,2018-09-10 21:57:00+05:30,2018-09-10 21:57:00+05:30,t,117.png,/var/www/media/photos/Nagulan117.txt,png,1,1
49,2018-09-10 21:57:00+05:30,2018-09-10 21:57:00+05:30,t,118.jpg,/var/www/media/photos/Balaji_Ariputhiran118.txt,png,1,1
50,2018-09-10 21:57:00+05:30,2018-09-10 21:57:00+05:30,t,50.jpg,/home/next/.hcms/uploads/user_profile/50.jpg,jpg,1,1
51,2018-09-10 21:57:00+05:30,2018-09-10 21:57:00+05:30,t,51.jpg,/home/next/.hcms/uploads/user_profile/51.jpg,jpg,1,1
52,2018-09-10 21:57:00+05:30,2018-09-10 21:57:00+05:30,t,52.jpg,/home/next/.hcms/uploads/user_profile/52.jpg,jpg,1,1
53,2018-09-10 21:57:00+05:30,2018-09-10 21:57:00+05:30,t,53.jpg,/home/next/.hcms/uploads/user_profile/53.jpg,jpg,1,1
54,2018-09-10 21:57:00+05:30,2018-09-10 21:57:00+05:30,t,54.jpg,/home/next/.hcms/uploads/user_profile/54.jpg,jpg,1,1
55,2018-09-10 21:57:00+05:30,2018-09-10 21:57:00+05:30,t,55.jpg,/home/next/.hcms/uploads/user_profile/55.jpg,jpg,1,1
56,2018-09-10 21:57:00+05:30,2018-09-10 21:57:00+05:30,t,56.jpg,/home/next/.hcms/uploads/user_profile/56.jpg,jpg,1,1
57,2018-09-10 21:57:00+05:30,2018-09-10 21:57:00+05:30,t,127.jpg,/var/www/media/photos/Amuthavalli_Rangasamy127.txt,png,1,1
58,2018-09-10 21:57:00+05:30,2018-09-10 21:57:00+05:30,t,58.jpg,/home/next/.hcms/uploads/user_profile/58.jpg,jpg,1,1
59,2018-09-10 21:57:00+05:30,2018-09-10 21:57:00+05:30,t,59.jpg,/home/next/.hcms/uploads/user_profile/59.jpg,jpg,1,1
60,2018-09-10 21:57:00+05:30,2018-09-10 21:57:00+05:30,t,60.jpg,/home/next/.hcms/uploads/user_profile/60.jpg,jpg,1,1
61,2018-09-10 21:57:00+05:30,2018-09-10 21:57:00+05:30,t,132.png,/var/www/media/photos/George_sebastian132.txt,png,1,1
62,2018-09-10 21:57:00+05:30,2018-09-10 21:57:00+05:30,t,62.jpg,/home/next/.hcms/uploads/user_profile/62.jpg,jpg,1,1
63,2018-09-10 21:57:00+05:30,2018-09-10 21:57:00+05:30,t,63.jpg,/home/next/.hcms/uploads/user_profile/63.jpg,jpg,1,1
64,2018-09-10 21:57:00+05:30,2018-09-10 21:57:00+05:30,t,136.png,/var/www/media/photos/Sivashankari_Rangarajan136.txt,png,1,1
65,2018-09-10 21:57:00+05:30,2018-09-10 21:57:00+05:30,t,65.jpg,/var/www/media/photos/Praveen_Josephmasilamani139.txt,png,1,1
66,2018-09-10 21:57:00+05:30,2018-09-10 21:57:00+05:30,t,140.jpg,/var/www/media/photos/Sharanyadevi_Shankar140.txt,png,1,1
67,2018-09-10 21:57:00+05:30,2018-09-10 21:57:00+05:30,t,141.jpg,/var/www/media/photos/Alagesan_Boobalan141.txt,png,1,1
68,2018-09-10 21:57:00+05:30,2018-09-10 21:57:00+05:30,t,68.jpg,/home/next/.hcms/uploads/user_profile/68.jpg,jpg,1,1
69,2018-09-10 21:57:00+05:30,2018-09-10 21:57:00+05:30,t,143.jpg,/var/www/media/photos/Arunkumar_Palaniswamy143.txt,png,1,1
70,2018-09-10 21:57:00+05:30,2018-09-10 21:57:00+05:30,t,144.jpg,/var/www/media/photos/Sarathkumar_Bhojan144.txt,png,1,1
71,2018-09-10 21:57:00+05:30,2018-09-10 21:57:00+05:30,t,145.jpg,/var/www/media/photos/Saravanan_Sengodan145.txt,png,1,1
72,2018-09-10 21:57:00+05:30,2018-09-10 21:57:00+05:30,t,146.jpg,/var/www/media/photos/Raja_Velusamy146.txt,png,1,1
73,2018-09-10 21:57:00+05:30,2018-09-10 21:57:00+05:30,t,148.jpg,/var/www/media/photos/Sunilkumar_Krishnankutty148.txt,png,1,1
74,2018-09-10 21:57:00+05:30,2018-09-10 21:57:00+05:30,t,74.jpg,/home/next/.hcms/uploads/user_profile/74.jpg,jpg,1,1
75,2018-09-10 21:57:00+05:30,2018-09-10 21:57:00+05:30,t,150.jpg,/var/www/media/photos/Mohanmurali_Munisamy150.txt,png,1,1
76,2018-09-10 21:57:00+05:30,2018-09-10 21:57:00+05:30,t,76.jpg,/var/www/media/photos/Syedaliabbas_Ahamedmeerasahib151.txt,png,1,1
77,2018-09-10 21:57:00+05:30,2018-09-10 21:57:00+05:30,t,77.jpg,/var/www/media/photos/_Sasikumar_Rajendran153.txt,png,1,1
78,2018-09-10 21:57:00+05:30,2018-09-10 21:57:00+05:30,t,154.jpg,/var/www/media/photos/Kumaresan_Subramani154.txt,png,1,1
79,2018-09-10 21:57:00+05:30,2018-09-10 21:57:00+05:30,t,79.jpg,/home/next/.hcms/uploads/user_profile/79.jpg,jpg,1,1
80,2018-09-10 21:57:00+05:30,2018-09-10 21:57:00+05:30,t,157.png,/var/www/media/photos/Thileeban_Selvakumar157.txt,png,1,1
81,2018-09-10 21:57:00+05:30,2018-09-10 21:57:00+05:30,t,81.jpg,/home/next/.hcms/uploads/user_profile/81.jpg,jpg,1,1
82,2018-09-10 21:57:00+05:30,2018-09-10 21:57:00+05:30,t,82.jpg,/var/www/media/photos/Shobana_Velmurugan159.txt,png,1,1
83,2018-09-10 21:57:00+05:30,2018-09-10 21:57:00+05:30,t,83.jpg,/var/www/media/photos/Prabhaakar_Sundararaj161.txt,png,1,1
84,2018-09-10 21:57:00+05:30,2018-09-10 21:57:00+05:30,t,84.jpg,/home/next/.hcms/uploads/user_profile/84.jpg,jpg,1,1
85,2018-09-10 21:57:00+05:30,2018-09-10 21:57:00+05:30,t,85.jpg,/home/next/.hcms/uploads/user_profile/85.jpg,jpg,1,1
86,2018-09-10 21:57:00+05:30,2018-09-10 21:57:00+05:30,t,86.jpg,/var/www/media/photos/Manickam_Subramaniam165.txt,png,1,1
87,2018-09-10 21:57:00+05:30,2018-09-10 21:57:00+05:30,t,87.jpg,/var/www/media/photos/Selvaleela_Vetrivel167.txt,png,1,1
88,2018-09-10 21:57:00+05:30,2018-09-10 21:57:00+05:30,t,168.png,/var/www/media/photos/Product_Manager168.txt,png,1,1
89,2018-09-10 21:57:00+05:30,2018-09-10 21:57:00+05:30,t,169.png,/var/www/media/photos/Shanmugaraj_Muniyasamy169.txt,png,1,1
90,2018-09-10 21:57:00+05:30,2018-09-10 21:57:00+05:30,t,170.png,/var/www/media/photos/Arune_Prabakaran170.txt,png,1,1
91,2018-09-10 21:57:00+05:30,2018-09-10 21:57:00+05:30,t,91.jpg,/home/next/.hcms/uploads/user_profile/91.jpg,jpg,1,1
92,2018-09-10 21:57:00+05:30,2018-09-10 21:57:00+05:30,t,172.png,/var/www/media/photos/Judojerome_Leo172.txt,png,1,1
93,2018-09-10 21:57:00+05:30,2018-09-10 21:57:00+05:30,t,172.png,/home/next/demos/NTE_18Dec2017_HRMS_Tracking sheet .txt,png,1,1
94,2018-09-10 21:57:00+05:30,2018-09-10 21:57:00+05:30,t,172.png,/home/next/demos/not_authorized.txt,png,1,1
95,2018-09-10 21:57:00+05:30,2018-09-10 21:57:00+05:30,t,172.png,/home/next/demos/NTE_18Dec2017_HRMS_Tracking sheet .txt,png,1,1
96,2018-09-10 21:57:00+05:30,2018-09-10 21:57:00+05:30,t,172.png,/home/next/demos/not_authorized.txt,png,1,1
97,2018-09-10 21:57:00+05:30,2018-09-10 21:57:00+05:30,t,172.png,/home/next/demos/NTE_18Dec2017_HRMS_Tracking sheet .txt,png,1,1
98,2018-09-10 21:57:00+05:30,2018-09-10 21:57:00+05:30,t,172.png,/home/next/demos/not_authorized.txt,png,1,1
99,2018-09-10 21:57:00+05:30,2018-09-10 21:57:00+05:30,t,99.doc,/home/next/resume2.doc,png,1,1
100,2018-09-10 21:57:00+05:30,2018-09-10 21:57:00+05:30,t,111.doc,/home/next/resume2.doc,png,1,1
101,2018-09-10 21:57:00+05:30,2018-09-10 21:57:00+05:30,t,112.doc,/home/next/resume2.doc,png,1,1
102,2018-09-10 21:57:00+05:30,2018-09-10 21:57:00+05:30,t,113.doc,/home/next/resume2.doc,png,1,1
103,2018-09-10 21:57:00+05:30,2018-09-10 21:57:00+05:30,t,114.doc,/home/next/resume2.doc,png,1,1
104,2018-09-10 21:57:00+05:30,2018-09-10 21:57:00+05:30,t,115.doc,/home/next/resume2.doc,png,1,1
105,2018-09-10 21:57:00+05:30,2018-09-10 21:57:00+05:30,t,/home/next/demos/resume2.txt,/home/next/resume2.doc,png,1,1
106,2018-09-10 21:57:00+05:30,2018-09-10 21:57:00+05:30,t,/home/next/demos/resume2.txt,/home/next/resume2.doc,png,1,1
107,2018-09-10 21:57:00+05:30,2018-09-10 21:57:00+05:30,t,118.doc,/home/next/resume2.doc,png,1,1
108,2018-09-10 21:57:00+05:30,2018-09-10 21:57:00+05:30,t,119.doc,/home/next/resume2.doc,png,1,1
109,2018-09-10 21:57:00+05:30,2018-09-10 21:57:00+05:30,t,120.doc,/home/next/resume2.doc,png,1,1
110,2018-09-10 21:57:00+05:30,2018-09-10 21:57:00+05:30,t,121.doc,/home/next/resume2.doc,png,1,1
111,2018-09-10 21:57:00+05:30,2018-09-10 21:57:00+05:30,t,122.doc,/home/next/demos/resume2.txt,png,1,1
112,2018-09-10 21:57:00+05:30,2018-09-10 21:57:00+05:30,t,123.doc,/home/next/demos/resume2.txt,png,1,1
113,2018-09-10 21:57:00+05:30,2018-09-10 21:57:00+05:30,t,124.doc,/home/next/demos/resume2.txt,png,1,1
114,2018-09-10 21:57:00+05:30,2018-09-10 21:57:00+05:30,t,125.doc,/home/next/demos/resume2.txt,png,1,1
115,2018-09-10 21:57:00+05:30,2018-09-10 21:57:00+05:30,t,126.doc,/home/next/demos/resume2.txt,png,1,1
116,2018-09-10 21:57:00+05:30,2018-09-10 21:57:00+05:30,t,127.doc,/home/next/demos/resume2.txt,png,1,1
117,2018-09-10 21:57:00+05:30,2018-09-10 21:57:00+05:30,t,128.doc,/home/next/demos/resume2.txt,png,1,1
118,2018-09-10 21:57:00+05:30,2018-09-10 21:57:00+05:30,t,129.doc,/home/next/demos/resume2.txt,png,1,1
119,2018-09-10 21:57:00+05:30,2018-09-10 21:57:00+05:30,t,130.jpg,/var/www/media/photos/Agila Pavithrayani Karthikeyan.txt,png,1,1
120,2018-09-10 21:57:00+05:30,2018-09-10 21:57:00+05:30,t,131.jpeg,/var/www/media/photos/usr_image.txt,png,1,1
121,2018-09-10 21:57:00+05:30,2018-09-10 21:57:00+05:30,t,172.png,/home/next/demos/uploaddata.txt,png,1,1
122,2018-09-10 21:57:00+05:30,2018-09-10 21:57:00+05:30,t,172.png,/home/next/demos/Screenshot from 2018-01-17 09:12:19.txt,png,1,1
123,2018-09-10 21:57:00+05:30,2018-09-10 21:57:00+05:30,t,134.doc,/home/next/demos/MergeTemplate.txt,png,1,1
124,2018-09-10 21:57:00+05:30,2018-09-10 21:57:00+05:30,t,136.doc,/home/next/demos/upload.txt,png,1,1
125,2018-09-10 21:57:00+05:30,2018-09-10 21:57:00+05:30,t,137.doc,/home/next/demos/MergeTemplate.txt,png,1,1
126,2018-09-10 21:57:00+05:30,2018-09-10 21:57:00+05:30,t,138.doc,/home/next/demos/upload.txt,png,1,1
127,2018-09-10 21:57:00+05:30,2018-09-10 21:57:00+05:30,t,139.doc,/home/next/demos/MergeTemplate.txt,png,1,1
128,2018-09-10 21:57:00+05:30,2018-09-10 21:57:00+05:30,t,140.doc,/home/next/demos/upload.txt,png,1,1
129,2018-09-10 21:57:00+05:30,2018-09-10 21:57:00+05:30,t,141.jpg,/var/www/media/photos/Pavittra M.txt,png,1,1
130,2018-09-10 21:57:00+05:30,2018-09-10 21:57:00+05:30,t,142.jpg,/var/www/media/photos/Pavittra M.txt,png,1,1
131,2018-09-10 21:57:00+05:30,2018-09-10 21:57:00+05:30,t,143.jpg,/var/www/media/photos/Pavittra M.txt,png,1,1
132,2018-09-10 21:57:00+05:30,2018-09-10 21:57:00+05:30,t,144.jpg,/var/www/media/photos/Pavittra M.txt,png,1,1
133,2018-09-10 21:57:00+05:30,2018-09-10 21:57:00+05:30,t,145.jpg,/var/www/media/photos/Pavittra M.txt,png,1,1
134,2018-09-10 21:57:00+05:30,2018-09-10 21:57:00+05:30,t,146.jpg,/var/www/media/photos/Pavittra M.txt,png,1,1
135,2018-09-10 21:57:00+05:30,2018-09-10 21:57:00+05:30,t,147.jpg,/var/www/media/photos/Pavittra M.txt,png,1,1
136,2018-09-10 21:57:00+05:30,2018-09-10 21:57:00+05:30,t,148.jpg,/var/www/media/photos/Pavittra M.txt,png,1,1
137,2018-09-10 21:57:00+05:30,2018-09-10 21:57:00+05:30,t,149.jpg,/var/www/media/photos/Pavittra M.txt,png,1,1
138,2018-09-10 21:57:00+05:30,2018-09-10 21:57:00+05:30,t,150.jpg,/var/www/media/photos/Pavittra M.txt,png,1,1
139,2018-09-10 21:57:00+05:30,2018-09-10 21:57:00+05:30,t,151.jpg,/var/www/media/photos/Pavittra M.txt,png,1,1
140,2018-09-10 21:57:00+05:30,2018-09-10 21:57:00+05:30,t,152.jpg,/var/www/media/photos/Pavittra M.txt,png,1,1
141,2018-09-10 21:57:00+05:30,2018-09-10 21:57:00+05:30,t,153.jpg,/var/www/media/photos/Pavittra M.txt,png,1,1
142,2018-09-10 21:57:00+05:30,2018-09-10 21:57:00+05:30,t,154.jpg,/var/www/media/photos/Pavittra M.txt,png,1,1
143,2018-09-10 21:57:00+05:30,2018-09-10 21:57:00+05:30,t,155.jpg,/var/www/media/photos/Pavittra M.txt,png,1,1
144,2018-09-10 21:57:00+05:30,2018-09-10 21:57:00+05:30,t,156.jpg,/var/www/media/photos/Pavittra M.txt,png,1,1
145,2018-09-10 21:57:00+05:30,2018-09-10 21:57:00+05:30,t,157.jpg,/var/www/media/photos/Pavittra M.txt,png,1,1
146,2018-09-10 21:57:00+05:30,2018-09-10 21:57:00+05:30,t,158.jpg,/var/www/media/photos/Pavittra M.txt,png,1,1
147,2018-09-10 21:57:00+05:30,2018-09-10 21:57:00+05:30,t,159.jpg,/var/www/media/photos/Kalidass.txt,png,1,1
148,2018-09-10 21:57:00+05:30,2018-09-10 21:57:00+05:30,t,160.jpg,/var/www/media/photos/Veera Sona Monika.txt,png,1,1
149,2018-09-10 21:57:00+05:30,2018-09-10 21:57:00+05:30,t,161.jpg,/var/www/media/photos/Bharathis Photo.txt,png,1,1
150,2018-09-10 21:57:00+05:30,2018-09-10 21:57:00+05:30,t,162.jpg,/var/www/media/photos/Helen.txt,png,1,1
151,2018-09-10 21:57:00+05:30,2018-09-10 21:57:00+05:30,t,163.png,/var/www/media/photos/Passport size Pic.txt,png,1,1
152,2018-09-10 21:57:00+05:30,2018-09-10 21:57:00+05:30,t,164.png,/var/www/media/photos/Passport size Pic.txt,png,1,1
153,2018-09-10 21:57:00+05:30,2018-09-10 21:57:00+05:30,t,165.jpg,/var/www/media/photos/Madula T.txt,png,1,1
154,2018-09-10 21:57:00+05:30,2018-09-10 21:57:00+05:30,t,166.jpg,/var/www/media/photos/Madula T.txt,png,1,1
155,2018-09-10 21:57:00+05:30,2018-09-10 21:57:00+05:30,t,167.jpg,/var/www/media/photos/Madula T.txt,png,1,1
156,2018-09-10 21:57:00+05:30,2018-09-10 21:57:00+05:30,t,156.JPG,/home/next/.hcms/uploads/user_profile/156.JPG,JPG,1,1
157,2018-09-10 21:57:00+05:30,2018-09-10 21:57:00+05:30,t,157.jpg,/home/next/.hcms/uploads/user_profile/157.jpg,jpg,1,1
158,2018-09-10 21:57:00+05:30,2018-09-10 21:57:00+05:30,t,158.png,/home/next/.hcms/uploads/logo/158.png,png,1,1
159,2018-09-10 21:57:00+05:30,2018-09-10 21:57:00+05:30,t,159.png,/home/next/.hcms/uploads/logo/159.png,png,1,1
160,2018-09-10 21:57:00+05:30,2018-09-10 21:57:00+05:30,t,160.png,/home/next/.hcms/uploads/logo/160.png,png,1,1
161,2018-09-10 21:57:00+05:30,2018-09-10 21:57:00+05:30,t,161.pdf,/home/next/.hcms/uploads/user_document/161.pdf,pdf,1,1
162,2018-09-10 21:57:00+05:30,2018-09-10 21:57:00+05:30,t,162.jpg,/home/next/.hcms/uploads/user_profile/162.jpg,jpg,1,1
163,2018-09-10 21:57:00+05:30,2018-09-10 21:57:00+05:30,t,163.jpg,/home/next/.hcms/uploads/user_profile/163.jpg,jpg,1,1
164,2018-09-10 21:57:00+05:30,2018-09-10 21:57:00+05:30,t,164.jpg,/home/next/.hcms/uploads/user_profile/164.jpg,jpg,1,1
165,2018-09-10 21:57:00+05:30,2018-09-10 21:57:00+05:30,t,165.jpg,/home/next/.hcms/uploads/user_profile/165.jpg,jpg,1,1
166,2018-09-10 21:57:00+05:30,2018-09-10 21:57:00+05:30,t,166.jpg,/home/next/.hcms/uploads/user_profile/166.jpg,jpg,1,1
167,2018-09-10 21:57:00+05:30,2018-09-10 21:57:00+05:30,t,167.jpg,/home/next/.hcms/uploads/user_profile/167.jpg,jpg,1,1
168,2018-09-10 21:57:00+05:30,2018-09-10 21:57:00+05:30,t, , , ,1,1
169,2018-09-10 21:57:00+05:30,2018-09-10 21:57:00+05:30,t, , , ,1,1
170,2018-09-10 21:57:00+05:30,2018-09-10 21:57:00+05:30,t, , , ,1,1
171,2018-09-10 21:57:00+05:30,2018-09-10 21:57:00+05:30,t, , , ,1,1
172,2018-09-10 21:57:00+05:30,2018-09-10 21:57:00+05:30,t, , , ,1,1
173,2018-09-10 21:57:00+05:30,2018-09-10 21:57:00+05:30,t, , , ,1,1
174,2018-09-10 21:57:00+05:30,2018-09-10 21:57:00+05:30,t, , , ,1,1
175,2018-09-10 21:57:00+05:30,2018-09-10 21:57:00+05:30,t, , , ,1,1
176,2018-09-10 21:57:00+05:30,2018-09-10 21:57:00+05:30,t, , , ,1,1
177,2018-09-10 21:57:00+05:30,2018-09-10 21:57:00+05:30,t, , , ,1,1
178,2018-09-10 21:57:00+05:30,2018-09-10 21:57:00+05:30,t, , , ,1,1
179,2018-09-10 21:57:00+05:30,2018-09-10 21:57:00+05:30,t, , , ,1,1
180,2018-09-10 21:57:00+05:30,2018-09-10 21:57:00+05:30,t, , , ,1,1
181,2018-09-10 21:57:00+05:30,2018-09-10 21:57:00+05:30,t, , , ,1,1
182,2018-09-10 21:57:00+05:30,2018-09-10 21:57:00+05:30,t, , , ,1,1
183,2018-09-10 21:57:00+05:30,2018-09-10 21:57:00+05:30,t, , , ,1,1
184,2018-09-10 21:57:00+05:30,2018-09-10 21:57:00+05:30,t, , , ,1,1
185,2018-09-10 21:57:00+05:30,2018-09-10 21:57:00+05:30,t, , , ,1,1
186,2018-09-10 21:57:00+05:30,2018-09-10 21:57:00+05:30,t, , , ,1,1
187,2018-09-10 21:57:00+05:30,2018-09-10 21:57:00+05:30,t, , , ,1,1
188,2018-09-10 21:57:00+05:30,2018-09-10 21:57:00+05:30,t, , , ,1,1
189,2018-09-10 21:57:00+05:30,2018-09-10 21:57:00+05:30,t, , , ,1,1
190,2018-09-10 21:57:00+05:30,2018-09-10 21:57:00+05:30,t, , , ,1,1
191,2018-09-10 21:57:00+05:30,2018-09-10 21:57:00+05:30,t, , , ,1,1
192,2018-09-10 21:57:00+05:30,2018-09-10 21:57:00+05:30,t, , , ,1,1
193,2018-09-10 21:57:00+05:30,2018-09-10 21:57:00+05:30,t, , , ,1,1
194,2018-09-10 21:57:00+05:30,2018-09-10 21:57:00+05:30,t, , , ,1,1
195,2018-09-10 21:57:00+05:30,2018-09-10 21:57:00+05:30,t, , , ,1,1
196,2018-09-10 21:57:00+05:30,2018-09-10 21:57:00+05:30,t, , , ,1,1
197,2018-09-10 21:57:00+05:30,2018-09-10 21:57:00+05:30,t, , , ,1,1
198,2018-09-10 21:57:00+05:30,2018-09-10 21:57:00+05:30,t, , , ,1,1
199,2018-09-10 21:57:00+05:30,2018-09-10 21:57:00+05:30,t, , , ,1,1
200,2018-09-10 21:57:00+05:30,2018-09-10 21:57:00+05:30,t, , , ,1,1
201,2018-09-10 21:57:00+05:30,2018-09-10 21:57:00+05:30,t, , , ,1,1
202,2018-09-10 21:57:00+05:30,2018-09-10 21:57:00+05:30,t, , , ,1,1
203,2018-09-10 21:57:00+05:30,2018-09-10 21:57:00+05:30,t, , , ,1,1
204,2018-09-10 21:57:00+05:30,2018-09-10 21:57:00+05:30,t, , , ,1,1
205,2018-09-10 21:57:00+05:30,2018-09-10 21:57:00+05:30,t, , , ,1,1
206,2018-09-10 21:57:00+05:30,2018-09-10 21:57:00+05:30,t, , , ,1,1
207,2018-09-10 21:57:00+05:30,2018-09-10 21:57:00+05:30,t, , , ,1,1
208,2018-09-10 21:57:00+05:30,2018-09-10 21:57:00+05:30,t, , , ,1,1
209,2018-09-10 21:57:00+05:30,2018-09-10 21:57:00+05:30,t, , , ,1,1
210,2018-09-10 21:57:00+05:30,2018-09-10 21:57:00+05:30,t, , , ,1,1
211,2018-09-10 21:57:00+05:30,2018-09-10 21:57:00+05:30,t, , , ,1,1
212,2018-09-10 21:57:00+05:30,2018-09-10 21:57:00+05:30,t, , , ,1,1
213,2018-09-10 21:57:00+05:30,2018-09-10 21:57:00+05:30,t, , , ,1,1
214,2018-09-10 21:57:00+05:30,2018-09-10 21:57:00+05:30,t, , , ,1,1
215,2018-09-10 21:57:00+05:30,2018-09-10 21:57:00+05:30,t, , , ,1,1
216,2018-09-10 21:57:00+05:30,2018-09-10 21:57:00+05:30,t, , , ,1,1
217,2018-09-10 21:57:00+05:30,2018-09-10 21:57:00+05:30,t, , , ,1,1
218,2018-09-10 21:57:00+05:30,2018-09-10 21:57:00+05:30,t, , , ,1,1
219,2018-09-10 21:57:00+05:30,2018-09-10 21:57:00+05:30,t, , , ,1,1
220,2018-09-10 21:57:00+05:30,2018-09-10 21:57:00+05:30,t, , , ,1,1
221,2018-09-10 21:57:00+05:30,2018-09-10 21:57:00+05:30,t, , , ,1,1
222,2018-09-10 21:57:00+05:30,2018-09-10 21:57:00+05:30,t, , , ,1,1
223,2018-09-10 21:57:00+05:30,2018-09-10 21:57:00+05:30,t, , , ,1,1
224,2018-09-10 21:57:00+05:30,2018-09-10 21:57:00+05:30,t, , , ,1,1
225,2018-09-10 21:57:00+05:30,2018-09-10 21:57:00+05:30,t, , , ,1,1
226,2018-09-10 21:57:00+05:30,2018-09-10 21:57:00+05:30,t, , , ,1,1
227,2018-09-10 21:57:00+05:30,2018-09-10 21:57:00+05:30,t, , , ,1,1
228,2018-09-10 21:57:00+05:30,2018-09-10 21:57:00+05:30,t, , , ,1,1
229,2018-09-10 21:57:00+05:30,2018-09-10 21:57:00+05:30,t, , , ,1,1
230,2018-09-10 21:57:00+05:30,2018-09-10 21:57:00+05:30,t, , , ,1,1
231,2018-09-10 21:57:00+05:30,2018-09-10 21:57:00+05:30,t, , , ,1,1
232,2018-09-10 21:57:00+05:30,2018-09-10 21:57:00+05:30,t, , , ,1,1
233,2018-09-10 21:57:00+05:30,2018-09-10 21:57:00+05:30,t, , , ,1,1
234,2018-09-10 21:57:00+05:30,2018-09-10 21:57:00+05:30,t, , , ,1,1
235,2018-09-10 21:57:00+05:30,2018-09-10 21:57:00+05:30,t, , , ,1,1
236,2018-09-10 21:57:00+05:30,2018-09-10 21:57:00+05:30,t, , , ,1,1
237,2018-09-10 21:57:00+05:30,2018-09-10 21:57:00+05:30,t, , , ,1,1
238,2018-09-10 21:57:00+05:30,2018-09-10 21:57:00+05:30,t, , , ,1,1
239,2018-09-10 21:57:00+05:30,2018-09-10 21:57:00+05:30,t, , , ,1,1
240,2018-09-10 21:57:00+05:30,2018-09-10 21:57:00+05:30,t, , , ,1,1
241,2018-09-10 21:57:00+05:30,2018-09-10 21:57:00+05:30,t, , , ,1,1
242,2018-09-10 21:57:00+05:30,2018-09-10 21:57:00+05:30,t, , , ,1,1
243,2018-09-10 21:57:00+05:30,2018-09-10 21:57:00+05:30,t, , , ,1,1
244,2018-09-10 21:57:00+05:30,2018-09-10 21:57:00+05:30,t, , , ,1,1
245,2018-09-10 21:57:00+05:30,2018-09-10 21:57:00+05:30,t, , , ,1,1
246,2018-09-10 21:57:00+05:30,2018-09-10 21:57:00+05:30,t, , , ,1,1
247,2018-09-10 21:57:00+05:30,2018-09-10 21:57:00+05:30,t, , , ,1,1
248,2018-09-10 21:57:00+05:30,2018-09-10 21:57:00+05:30,t, , , ,1,1
249,2018-09-10 21:57:00+05:30,2018-09-10 21:57:00+05:30,t, , , ,1,1
250,2018-09-10 21:57:00+05:30,2018-09-10 21:57:00+05:30,t, , , ,1,1
251,2018-09-10 21:57:00+05:30,2018-09-10 21:57:00+05:30,t, , , ,1,1
252,2018-09-10 21:57:00+05:30,2018-09-10 21:57:00+05:30,t, , , ,1,1
253,2018-09-10 21:57:00+05:30,2018-09-10 21:57:00+05:30,t, , , ,1,1
254,2018-09-10 21:57:00+05:30,2018-09-10 21:57:00+05:30,t, , , ,1,1
255,2018-09-10 21:57:00+05:30,2018-09-10 21:57:00+05:30,t, , , ,1,1
256,2018-09-10 21:57:00+05:30,2018-09-10 21:57:00+05:30,t, , , ,1,1
257,2018-09-10 21:57:00+05:30,2018-09-10 21:57:00+05:30,t, , , ,1,1
258,2018-09-10 21:57:00+05:30,2018-09-10 21:57:00+05:30,t, , , ,1,1
259,2018-09-10 21:57:00+05:30,2018-09-10 21:57:00+05:30,t, , , ,1,1
260,2018-09-10 21:57:00+05:30,2018-09-10 21:57:00+05:30,t, , , ,1,1
261,2018-09-10 21:57:00+05:30,2018-09-10 21:57:00+05:30,t, , , ,1,1
262,2018-09-10 21:57:00+05:30,2018-09-10 21:57:00+05:30,t, , , ,1,1
263,2018-09-10 21:57:00+05:30,2018-09-10 21:57:00+05:30,t, , , ,1,1
264,2018-09-10 21:57:00+05:30,2018-09-10 21:57:00+05:30,t, , , ,1,1
265,2018-09-10 21:57:00+05:30,2018-09-10 21:57:00+05:30,t, , , ,1,1
266,2018-09-10 21:57:00+05:30,2018-09-10 21:57:00+05:30,t, , , ,1,1
267,2018-09-10 21:57:00+05:30,2018-09-10 21:57:00+05:30,t, , , ,1,1
268,2018-09-10 21:57:00+05:30,2018-09-10 21:57:00+05:30,t, , , ,1,1
269,2018-09-10 21:57:00+05:30,2018-09-10 21:57:00+05:30,t, , , ,1,1
270,2018-09-10 21:57:00+05:30,2018-09-10 21:57:00+05:30,t, , , ,1,1
271,2018-09-10 21:57:00+05:30,2018-09-10 21:57:00+05:30,t, , , ,1,1
272,2018-09-10 21:57:00+05:30,2018-09-10 21:57:00+05:30,t, , , ,1,1
273,2018-09-10 21:57:00+05:30,2018-09-10 21:57:00+05:30,t, , , ,1,1
274,2018-09-10 21:57:00+05:30,2018-09-10 21:57:00+05:30,t, , , ,1,1
275,2018-09-10 21:57:00+05:30,2018-09-10 21:57:00+05:30,t, , , ,1,1
276,2018-09-10 21:57:00+05:30,2018-09-10 21:57:00+05:30,t, , , ,1,1
277,2018-09-10 21:57:00+05:30,2018-09-10 21:57:00+05:30,t, , , ,1,1
278,2018-09-10 21:57:00+05:30,2018-09-10 21:57:00+05:30,t, , , ,1,1
279,2018-09-10 21:57:00+05:30,2018-09-10 21:57:00+05:30,t, , , ,1,1
280,2018-09-10 21:57:00+05:30,2018-09-10 21:57:00+05:30,t, , , ,1,1
281,2018-09-10 21:57:00+05:30,2018-09-10 21:57:00+05:30,t, , , ,1,1
282,2018-09-10 21:57:00+05:30,2018-09-10 21:57:00+05:30,t, , , ,1,1
283,2018-09-10 21:57:00+05:30,2018-09-10 21:57:00+05:30,t, , , ,1,1
284,2018-09-10 21:57:00+05:30,2018-09-10 21:57:00+05:30,t, , , ,1,1
285,2018-09-10 21:57:00+05:30,2018-09-10 21:57:00+05:30,t, , , ,1,1
286,2018-09-10 21:57:00+05:30,2018-09-10 21:57:00+05:30,t, , , ,1,1
287,2018-09-10 21:57:00+05:30,2018-09-10 21:57:00+05:30,t, , , ,1,1
288,2018-09-10 21:57:00+05:30,2018-09-10 21:57:00+05:30,t, , , ,1,1
289,2018-09-10 21:57:00+05:30,2018-09-10 21:57:00+05:30,t, , , ,1,1
290,2018-09-10 21:57:00+05:30,2018-09-10 21:57:00+05:30,t, , , ,1,1
291,2018-09-10 21:57:00+05:30,2018-09-10 21:57:00+05:30,t, , , ,1,1
292,2018-09-10 21:57:00+05:30,2018-09-10 21:57:00+05:30,t, , , ,1,1
293,2018-09-10 21:57:00+05:30,2018-09-10 21:57:00+05:30,t, , , ,1,1
294,2018-09-10 21:57:00+05:30,2018-09-10 21:57:00+05:30,t, , , ,1,1
295,2018-09-10 21:57:00+05:30,2018-09-10 21:57:00+05:30,t, , , ,1,1
296,2018-09-10 21:57:00+05:30,2018-09-10 21:57:00+05:30,t, , , ,1,1
297,2018-09-10 21:57:00+05:30,2018-09-10 21:57:00+05:30,t, , , ,1,1
298,2018-09-10 21:57:00+05:30,2018-09-10 21:57:00+05:30,t, , , ,1,1
299,2018-09-10 21:57:00+05:30,2018-09-10 21:57:00+05:30,t, , , ,1,1
300,2018-09-10 21:57:00+05:30,2018-09-10 21:57:00+05:30,t, , , ,1,1
301,2018-09-10 21:57:00+05:30,2018-09-10 21:57:00+05:30,t, , , ,1,1
302,2018-09-10 21:57:00+05:30,2018-09-10 21:57:00+05:30,t, , , ,1,1
303,2018-09-10 21:57:00+05:30,2018-09-10 21:57:00+05:30,t, , , ,1,1
304,2018-09-10 21:57:00+05:30,2018-09-10 21:57:00+05:30,t, , , ,1,1
305,2018-09-10 21:57:00+05:30,2018-09-10 21:57:00+05:30,t, , , ,1,1
306,2018-09-10 21:57:00+05:30,2018-09-10 21:57:00+05:30,t, , , ,1,1
307,2018-09-10 21:57:00+05:30,2018-09-10 21:57:00+05:30,t, , , ,1,1
308,2018-09-10 21:57:00+05:30,2018-09-10 21:57:00+05:30,t, , , ,1,1
309,2018-09-10 21:57:00+05:30,2018-09-10 21:57:00+05:30,t, , , ,1,1
310,2018-09-10 21:57:00+05:30,2018-09-10 21:57:00+05:30,t, , , ,1,1
311,2018-09-10 21:57:00+05:30,2018-09-10 21:57:00+05:30,t, , , ,1,1
312,2018-09-10 21:57:00+05:30,2018-09-10 21:57:00+05:30,t, , , ,1,1
313,2018-09-10 21:57:00+05:30,2018-09-10 21:57:00+05:30,t, , , ,1,1
314,2018-09-10 21:57:00+05:30,2018-09-10 21:57:00+05:30,t, , , ,1,1
315,2018-09-10 21:57:00+05:30,2018-09-10 21:57:00+05:30,t, , , ,1,1
316,2018-09-10 21:57:00+05:30,2018-09-10 21:57:00+05:30,t, , , ,1,1
317,2018-09-10 21:57:00+05:30,2018-09-10 21:57:00+05:30,t, , , ,1,1
318,2018-09-10 21:57:00+05:30,2018-09-10 21:57:00+05:30,t, , , ,1,1
319,2018-09-10 21:57:00+05:30,2018-09-10 21:57:00+05:30,t, , , ,1,1
320,2018-09-10 21:57:00+05:30,2018-09-10 21:57:00+05:30,t, , , ,1,1
321,2018-09-10 21:57:00+05:30,2018-09-10 21:57:00+05:30,t, , , ,1,1
322,2018-09-10 21:57:00+05:30,2018-09-10 21:57:00+05:30,t, , , ,1,1
323,2018-09-10 21:57:00+05:30,2018-09-10 21:57:00+05:30,t, , , ,1,1
324,2018-09-10 21:57:00+05:30,2018-09-10 21:57:00+05:30,t, , , ,1,1
325,2018-09-10 21:57:00+05:30,2018-09-10 21:57:00+05:30,t, , , ,1,1
326,2018-09-10 21:57:00+05:30,2018-09-10 21:57:00+05:30,t, , , ,1,1
327,2018-09-10 21:57:00+05:30,2018-09-10 21:57:00+05:30,t, , , ,1,1
328,2018-09-10 21:57:00+05:30,2018-09-10 21:57:00+05:30,t, , , ,1,1
329,2018-09-10 21:57:00+05:30,2018-09-10 21:57:00+05:30,t, , , ,1,1
330,2018-09-10 21:57:00+05:30,2018-09-10 21:57:00+05:30,t, , , ,1,1
331,2018-09-10 21:57:00+05:30,2018-09-10 21:57:00+05:30,t, , , ,1,1
332,2018-09-10 21:57:00+05:30,2018-09-10 21:57:00+05:30,t, , , ,1,1
333,2018-09-10 21:57:00+05:30,2018-09-10 21:57:00+05:30,t, , , ,1,1
334,2018-09-10 21:57:00+05:30,2018-09-10 21:57:00+05:30,t, , , ,1,1
335,2018-09-10 21:57:00+05:30,2018-09-10 21:57:00+05:30,t, , , ,1,1
336,2018-09-10 21:57:00+05:30,2018-09-10 21:57:00+05:30,t, , , ,1,1
337,2018-09-10 21:57:00+05:30,2018-09-10 21:57:00+05:30,t, , , ,1,1
338,2018-09-10 21:57:00+05:30,2018-09-10 21:57:00+05:30,t, , , ,1,1
339,2018-09-10 21:57:00+05:30,2018-09-10 21:57:00+05:30,t, , , ,1,1
340,2018-09-10 21:57:00+05:30,2018-09-10 21:57:00+05:30,t, , , ,1,1
341,2018-09-10 21:57:00+05:30,2018-09-10 21:57:00+05:30,t, , , ,1,1
342,2018-09-10 21:57:00+05:30,2018-09-10 21:57:00+05:30,t, , , ,1,1
343,2018-09-10 21:57:00+05:30,2018-09-10 21:57:00+05:30,t, , , ,1,1
344,2018-09-10 21:57:00+05:30,2018-09-10 21:57:00+05:30,t, , , ,1,1
345,2018-09-10 21:57:00+05:30,2018-09-10 21:57:00+05:30,t, , , ,1,1
346,2018-09-10 21:57:00+05:30,2018-09-10 21:57:00+05:30,t, , , ,1,1
347,2018-09-10 21:57:00+05:30,2018-09-10 21:57:00+05:30,t, , , ,1,1
348,2018-09-10 21:57:00+05:30,2018-09-10 21:57:00+05:30,t, , , ,1,1
349,2018-09-10 21:57:00+05:30,2018-09-10 21:57:00+05:30,t, , , ,1,1
350,2018-09-10 21:57:00+05:30,2018-09-10 21:57:00+05:30,t, , , ,1,1
351,2018-09-10 21:57:00+05:30,2018-09-10 21:57:00+05:30,t, , , ,1,1
352,2018-09-10 21:57:00+05:30,2018-09-10 21:57:00+05:30,t, , , ,1,1
353,2018-09-10 21:57:00+05:30,2018-09-10 21:57:00+05:30,t, , , ,1,1
354,2018-09-10 21:57:00+05:30,2018-09-10 21:57:00+05:30,t, , , ,1,1
355,2018-09-10 21:57:00+05:30,2018-09-10 21:57:00+05:30,t, , , ,1,1
356,2018-09-10 21:57:00+05:30,2018-09-10 21:57:00+05:30,t, , , ,1,1
357,2018-09-10 21:57:00+05:30,2018-09-10 21:57:00+05:30,t, , , ,1,1
358,2018-09-10 21:57:00+05:30,2018-09-10 21:57:00+05:30,t, , , ,1,1
359,2018-09-10 21:57:00+05:30,2018-09-10 21:57:00+05:30,t, , , ,1,1
360,2018-09-10 21:57:00+05:30,2018-09-10 21:57:00+05:30,t, , , ,1,1
361,2018-09-10 21:57:00+05:30,2018-09-10 21:57:00+05:30,t, , , ,1,1
362,2018-09-10 21:57:00+05:30,2018-09-10 21:57:00+05:30,t, , , ,1,1
363,2018-09-10 21:57:00+05:30,2018-09-10 21:57:00+05:30,t, , , ,1,1
364,2018-09-10 21:57:00+05:30,2018-09-10 21:57:00+05:30,t, , , ,1,1
365,2018-09-10 21:57:00+05:30,2018-09-10 21:57:00+05:30,t, , , ,1,1
366,2018-09-10 21:57:00+05:30,2018-09-10 21:57:00+05:30,t, , , ,1,1
367,2018-09-10 21:57:00+05:30,2018-09-10 21:57:00+05:30,t, , , ,1,1
368,2018-09-10 21:57:00+05:30,2018-09-10 21:57:00+05:30,t, , , ,1,1
369,2018-09-10 21:57:00+05:30,2018-09-10 21:57:00+05:30,t, , , ,1,1
370,2018-09-10 21:57:00+05:30,2018-09-10 21:57:00+05:30,t, , , ,1,1
371,2018-09-10 21:57:00+05:30,2018-09-10 21:57:00+05:30,t, , , ,1,1
372,2018-09-10 21:57:00+05:30,2018-09-10 21:57:00+05:30,t, , , ,1,1
373,2018-09-10 21:57:00+05:30,2018-09-10 21:57:00+05:30,t, , , ,1,1
374,2018-09-10 21:57:00+05:30,2018-09-10 21:57:00+05:30,t, , , ,1,1
375,2018-09-10 21:57:00+05:30,2018-09-10 21:57:00+05:30,t, , , ,1,1
376,2018-09-10 21:57:00+05:30,2018-09-10 21:57:00+05:30,t, , , ,1,1
