id,created_date,modified_date,is_active,asset_model_code,asset_configuration,asset_serial,asset_purchase_date,asset_warranty,asset_expiration_date,asset_remarks,asset_address,asset_brown_goods,asset_white_goods,asset_division_id,asset_make_refitem_id,asset_model_refitem_id,asset_model_type_refitem_id,asset_org_id,asset_org_unit_id,asset_status_refitem_id,created_by_id,modified_by_id
1,2018-10-17 20:29:06.309256+05:30,2018-10-17 20:29:06.309256+05:30,t,NEXT-IN-KE031,Keyboard,CN-0RF47T-75134-48C-021P-A02,2016-01-15 05:30:00+05:30,,,,,,,,432,945,418,2,7,424,1,1
2,2018-10-17 20:29:06.309256+05:30,2018-10-17 20:29:06.309256+05:30,t,NEXT-IN-MN013,21.5 inch monitor,CN-0638CF-74261-54F-08FB,2015-07-09 05:30:00+05:30,,,,,,,,432,454,416,2,7,424,1,1
3,2018-10-17 20:29:06.309256+05:30,2018-10-17 20:29:06.309256+05:30,t,NEXT-IN-MU037,Mouse,CN-011D3V-73826-53H-00DC,2016-01-08 05:30:00+05:30,,,,,,,,432,468,419,2,7,424,1,1
4,2018-10-17 20:29:06.309256+05:30,2018-10-17 20:29:06.309256+05:30,t,NEXT-IN-WO013,"i5,8GB,500GB, Ubuntu 12.04",4F6KX52,2015-07-09 05:30:00+05:30,,,,,,,,432,441,421,2,7,424,1,1
5,2018-10-17 20:29:06.309256+05:30,2018-10-17 20:29:06.309256+05:30,t,NEXT-IN-KE090,Wireless Keyboard,IC 4251A-KBRF3971,2015-08-01 05:30:00+05:30,,,,,,,,433,986,418,2,7,424,1,1
6,2018-10-17 20:29:06.309256+05:30,2018-10-17 20:29:06.309256+05:30,t,NEXT-IN-MU039,Mouse,CN-0X9DCG-71616-46D1-51C-0P9G,2016-01-08 05:30:00+05:30,,,,,,,,432,468,419,2,7,424,1,1
7,2018-10-17 20:29:06.309256+05:30,2018-10-17 20:29:06.309256+05:30,t,NEXT-IN-MU099,Wireless Mouse,C-9207,2015-08-01 05:30:00+05:30,,,,,,,,433,1001,419,2,7,424,1,1
8,2018-10-17 20:29:06.309256+05:30,2018-10-17 20:29:06.309256+05:30,t,NEXT-IN-WO108,"19"" i3 3.30Ghz,4 GB,500GB Windows",S1FWK10,2015-08-01 05:30:00+05:30,,,,,,,,433,446,421,2,7,424,1,1
9,2018-10-17 20:29:06.309256+05:30,2018-10-17 20:29:06.309256+05:30,t,NEXT-IN-KE050,Keyboard,MY-0DJ331716196B81544,2016-01-15 05:30:00+05:30,,,,,,,,432,987,418,2,7,424,1,1
10,2018-10-17 20:29:06.309256+05:30,2018-10-17 20:29:06.309256+05:30,t,NEXT-IN-MN045,,CN-0WM497641807CJ32LL,2016-01-15 05:30:00+05:30,,,,,,,,432,,416,2,7,424,1,1
11,2018-10-17 20:29:06.309256+05:30,2018-10-17 20:29:06.309256+05:30,t,NEXT-IN-KE077,Keyboard,CN-C645N-71616-61P-0A6G-A00,2016-01-08 05:30:00+05:30,,,,,,,,432,978,418,2,7,424,1,1
12,2018-10-17 20:29:06.309256+05:30,2018-10-17 20:29:06.309256+05:30,t,NEXT-IN-MN051,22 inch LCD Monitor,CN-0WM497641807CA26ZL,2016-01-15 05:30:00+05:30,,,,,,,,432,,416,2,7,424,1,1
13,2018-10-17 20:29:06.309256+05:30,2018-10-17 20:29:06.309256+05:30,t,NEXT-IN-WO079,"I5 8GB RAM 160 GB HDD, UBUNTU14.4",85Y572S,2016-01-08 05:30:00+05:30,,,,,,,,432,972,421,2,7,424,1,1
14,2018-10-17 20:29:06.309256+05:30,2018-10-17 20:29:06.309256+05:30,t,NEXT-IN-MU054,Mouse,CN-011D3V7382653H00BQ,2016-01-08 05:30:00+05:30,,,,,,,,432,961,419,2,7,424,1,1
15,2018-10-17 20:29:06.309256+05:30,2018-10-17 20:29:06.309256+05:30,t,NEXT-IN-MU017,Mouse,CN-011D3V-73826-53H-00BQ,2015-07-09 05:30:00+05:30,,,,,,,,432,952,419,2,7,424,1,1
16,2018-10-17 20:29:06.309256+05:30,2018-10-17 20:29:06.309256+05:30,t,NEXT-IN-WO069,"i5-2400 3.10Gh,6GB, Ubuntu14.4",3KPV92S,2016-01-08 05:30:00+05:30,,,,,,,,432,444,421,2,7,424,1,1
17,2018-10-17 20:29:06.309256+05:30,2018-10-17 20:29:06.309256+05:30,t,NEXT-IN-MN048,,CN-0WM497641807CA27BL,2016-01-15 05:30:00+05:30,,,,,,,,432,,416,2,7,424,1,1
18,2018-10-17 20:29:06.309256+05:30,2018-10-17 20:29:06.309256+05:30,t,NEXT-IN-MU095,Mouse,,2016-01-15 05:30:00+05:30,,,,,,,,433,955,419,2,7,424,1,1
19,2018-10-17 20:29:06.309256+05:30,2018-10-17 20:29:06.309256+05:30,t,NEXT-IN-KE039,Keyboard,CN-0U473D4475118F026PA02,2016-01-15 05:30:00+05:30,,,,,,,,432,987,418,2,7,424,1,1
20,2018-10-17 20:29:06.309256+05:30,2018-10-17 20:29:06.309256+05:30,t,NEXT-IN-WO007,"i5,8GB,500GB, Ubuntu 12.04, Ubuntu 14.4",4DVQX52,2015-07-09 05:30:00+05:30,,,,,,,,432,441,421,2,7,424,1,1
21,2018-10-17 20:29:06.309256+05:30,2018-10-17 20:29:06.309256+05:30,t,NEXT-IN-KE044,Keyboard,CN-ODJ3317161686E0W1B,2016-01-15 05:30:00+05:30,,,,,,,,432,987,418,2,7,424,1,1
22,2018-10-17 20:29:06.309256+05:30,2018-10-17 20:29:06.309256+05:30,t,NEXT-IN-KE066,Keyboard,CN-0T347F7161605E0M88,2016-01-08 05:30:00+05:30,,,,,,,,432,987,418,2,7,424,1,1
23,2018-10-17 20:29:06.309256+05:30,2018-10-17 20:29:06.309256+05:30,t,NEXT-IN-KE068,Keyboard,CN-0DJ3317161685H0RNG,2016-01-08 05:30:00+05:30,,,,,,,,432,987,418,2,7,424,1,1
24,2018-10-17 20:29:06.309256+05:30,2018-10-17 20:29:06.309256+05:30,t,NEXT-IN-MN003,21.5 inch monitor,CN-0638CF-74261-52O-1UHM,2015-07-09 05:30:00+05:30,,,,,,,,432,454,416,2,7,424,1,1
25,2018-10-17 20:29:06.309256+05:30,2018-10-17 20:29:06.309256+05:30,t,NEXT-IN-MN016,21.5 inch monitor,CN-0638CF-74261-54F-08UB,2015-07-09 05:30:00+05:30,,,,,,,,432,454,416,2,7,424,1,1
26,2018-10-17 20:29:06.309256+05:30,2018-10-17 20:29:06.309256+05:30,t,NEXT-IN-MN038,,CN-0WM497641807CA27VL,2016-01-08 05:30:00+05:30,,,,,,,,432,,416,2,7,424,1,1
27,2018-10-17 20:29:06.309256+05:30,2018-10-17 20:29:06.309256+05:30,t,NEXT-IN-WO055,"i5-2400 3.10Gh,8GB,500GB,Ubuntu 14.4",BFR1B2S,2016-01-15 05:30:00+05:30,,,,,,,,432,444,421,2,7,424,1,1
28,2018-10-17 20:29:06.309256+05:30,2018-10-17 20:29:06.309256+05:30,t,NEXT-IN-MU055,Mouse,FATSK0K5BYG8ZU,2016-01-15 05:30:00+05:30,,,,,,,,439,966,419,2,7,424,1,1
29,2018-10-17 20:29:06.309256+05:30,2018-10-17 20:29:06.309256+05:30,t,NEXT-IN-WO106,"I5 8GB RAM 160 GB HDD, Ubuntu 14.4",2SY572S,2016-01-08 05:30:00+05:30,,,,,,,,432,972,421,2,7,424,1,1
30,2018-10-17 20:29:06.309256+05:30,2018-10-17 20:29:06.309256+05:30,t,NEXT-IN-MU044,Mouse,CN-011D3V715811880XY3,2016-01-08 05:30:00+05:30,,,,,,,,432,961,419,2,7,424,1,1
31,2018-10-17 20:29:06.309256+05:30,2018-10-17 20:29:06.309256+05:30,t,NEXT-IN-MU045,Mouse,OXN967H11C4W8,2016-01-08 05:30:00+05:30,,,,,,,,432,961,419,2,7,424,1,1
32,2018-10-17 20:29:06.309256+05:30,2018-10-17 20:29:06.309256+05:30,t,NEXT-IN-WO092,"I5 8GB RAM 160 GB HDD, Ubuntu 14.4",ZZY572S,2016-01-08 05:30:00+05:30,,,,,,,,432,972,421,2,7,424,1,1
33,2018-10-17 20:29:06.309256+05:30,2018-10-17 20:29:06.309256+05:30,t,NEXT-IN-KE001,Keyboard,CN-0DJ494-71581-51B-04GF-A01,2015-07-09 05:30:00+05:30,,,,,,,,432,458,418,2,7,422,1,1
34,2018-10-17 20:29:06.309256+05:30,2018-10-17 20:29:06.309256+05:30,t,NEXT-IN-KE004,Keyboard,CN-0DJ494-71581-51B-066Z-A01,2015-07-09 05:30:00+05:30,,,,,,,,432,459,418,2,7,422,1,1
35,2018-10-17 20:29:06.309256+05:30,2018-10-17 20:29:06.309256+05:30,t,NEXT-IN-KE006,Keyboard,CN-0DJ494-71581-51B-0684-A01,2015-07-09 05:30:00+05:30,,,,,,,,432,459,418,2,7,422,1,1
36,2018-10-17 20:29:06.309256+05:30,2018-10-17 20:29:06.309256+05:30,t,NEXT-IN-KE011,Keyboard,CN-04Q481-71616-54F-06ZZ-A00,2015-07-09 05:30:00+05:30,,,,,,,,432,458,418,2,7,422,1,1
37,2018-10-17 20:29:06.309256+05:30,2018-10-17 20:29:06.309256+05:30,t,NEXT-IN-KE014,Keyboard,CN-04G481-71616-54F-0833-A00,2015-07-09 05:30:00+05:30,,,,,,,,432,462,418,2,7,422,1,1
38,2018-10-17 20:29:06.309256+05:30,2018-10-17 20:29:06.309256+05:30,t,NEXT-IN-KE029,Keyboard,Unbranded without S/N,2016-01-15 05:30:00+05:30,,,,,,,,432,945,418,2,7,422,1,1
39,2018-10-17 20:29:06.309256+05:30,2018-10-17 20:29:06.309256+05:30,t,NEXT-IN-KE043,Keyboard,CN-ODJ3317161686E0YGU,2016-01-15 05:30:00+05:30,,,,,,,,432,987,418,2,7,422,1,1
40,2018-10-17 20:29:06.309256+05:30,2018-10-17 20:29:06.309256+05:30,t,NEXT-IN-KE085,Keyboard,CN-0C645N-71616-61P-OB31,2016-01-08 05:30:00+05:30,,,,,,,,432,981,418,2,7,422,1,1
41,2018-10-17 20:29:06.309256+05:30,2018-10-17 20:29:06.309256+05:30,t,NEXT-IN-KE086,Keyboard,CN-0C645N-71616-61P-OB36,2016-01-08 05:30:00+05:30,,,,,,,,432,982,418,2,7,422,1,1
42,2018-10-17 20:29:06.309256+05:30,2018-10-17 20:29:06.309256+05:30,t,NEXT-IN-MU004,Mouse,CN-011D3V-73826-51Q-1CUC,2015-07-09 05:30:00+05:30,,,,,,,,432,468,419,2,7,422,1,1
43,2018-10-17 20:29:06.309256+05:30,2018-10-17 20:29:06.309256+05:30,t,NEXT-IN-MU005,Mouse,CN-011D3V-73826-51Q-OCEB,2015-07-09 05:30:00+05:30,,,,,,,,432,468,419,2,7,422,1,1
44,2018-10-17 20:29:06.309256+05:30,2018-10-17 20:29:06.309256+05:30,t,NEXT-IN-MU013,Mouse,CN-011D3V-73826-53H-0066,2015-07-09 05:30:00+05:30,,,,,,,,432,468,419,2,7,422,1,1
45,2018-10-17 20:29:06.309256+05:30,2018-10-17 20:29:06.309256+05:30,t,NEXT-IN-MU016,Mouse,CN-011D3V-73826-53H-00DP,2015-07-09 05:30:00+05:30,,,,,,,,432,952,419,2,7,422,1,1
46,2018-10-17 20:29:06.309256+05:30,2018-10-17 20:29:06.309256+05:30,t,NEXT-IN-MU096,Mouse,GX30G90839Z1480636,2016-01-15 05:30:00+05:30,,,,,,,,433,955,419,2,7,422,1,1
47,2018-10-17 20:29:06.309256+05:30,2018-10-17 20:29:06.309256+05:30,t,NEXT-in-MU100,Laptop mouse,KG ROOM,2016-01-15 05:30:00+05:30,,,,,,,,436,929,419,2,7,422,1,1
48,2018-10-17 20:29:06.309256+05:30,2018-10-17 20:29:06.309256+05:30,t,NEXT-IN-MU101,Laptop mouse,KG ROOM,2016-01-15 05:30:00+05:30,,,,,,,,440,954,419,2,7,422,1,1
49,2018-10-17 20:29:06.309256+05:30,2018-10-17 20:29:06.309256+05:30,t,NEXT-IN-WO005,"i5,8GB,500GB, Windows 7",CVCD152,2015-07-09 05:30:00+05:30,,,,,,,,432,441,421,2,7,422,1,1
50,2018-10-17 20:29:06.309256+05:30,2018-10-17 20:29:06.309256+05:30,t,NEXT-IN-WO009,"i5,8GB,500GB, Ubuntu 12.04",4FKC152,2015-07-09 05:30:00+05:30,,,,,,,,432,441,421,2,7,422,1,1
51,2018-10-17 20:29:06.309256+05:30,2018-10-17 20:29:06.309256+05:30,t,NEXT-IN-WO021,"i7, 2.27 Ghz, 16 GB, Windows 7",72LM7M1,2016-01-15 05:30:00+05:30,,,,,,,,432,445,421,2,7,422,1,1
52,2018-10-17 20:29:06.309256+05:30,2018-10-17 20:29:06.309256+05:30,t,NEXT-IN-WO028,"19"" i3 3.30Ghz,4 GB,500GB Ubuntu 14.04",S1FWL39,2015-08-01 05:30:00+05:30,,,,,,,,433,446,421,2,7,422,1,1
53,2018-10-17 20:29:06.309256+05:30,2018-10-17 20:29:06.309256+05:30,t,NEXT-IN-WO030,"19"" i3 3.30Ghz,4 GB,500GB Win8",SIFWH73,2015-08-01 05:30:00+05:30,,,,,,,,433,446,421,2,7,422,1,1
54,2018-10-17 20:29:06.309256+05:30,2018-10-17 20:29:06.309256+05:30,t,NEXT-IN-WO038,i5-2400 3.10Gh,H1F6B2S,2016-01-15 05:30:00+05:30,,,,,,,,432,443,421,2,7,422,1,1
55,2018-10-17 20:29:06.309256+05:30,2018-10-17 20:29:06.309256+05:30,t,NEXT-IN-WO043,"3.0Ghz Core Duo,8GB,Windows 7",GQCS72S,2016-01-15 05:30:00+05:30,,,,,,,,432,443,421,2,7,422,1,1
56,2018-10-17 20:29:06.309256+05:30,2018-10-17 20:29:06.309256+05:30,t,NEXT-IN-WO044,3.0Ghz Core Duo,DNH642S,2016-01-15 05:30:00+05:30,,,,,,,,432,443,421,2,7,422,1,1
57,2018-10-17 20:29:06.309256+05:30,2018-10-17 20:29:06.309256+05:30,t,NEXT-IN-WO046,3.0Ghz Core Duo,1G3252S,2016-01-15 05:30:00+05:30,,,,,,,,432,444,421,2,7,422,1,1
58,2018-10-17 20:29:06.309256+05:30,2018-10-17 20:29:06.309256+05:30,t,NEXT-IN-WO076,"core 2 Duo Nvidia 256 Mb 4 Gb ram, 250 GB HDD OS Yosimite X10.9.5",W871ODXX85,2016-01-15 05:30:00+05:30,,,,,,,,435,940,421,2,7,422,1,1
59,2018-10-17 20:29:06.309256+05:30,2018-10-17 20:29:06.309256+05:30,t,NEXT-IN-WO086,"I5 8GB RAM 160 GB HDD, Windows",12Z5725,2016-01-08 05:30:00+05:30,,,,,,,,432,972,421,2,7,422,1,1
60,2018-10-17 20:29:06.309256+05:30,2018-10-17 20:29:06.309256+05:30,t,NEXT-IN-WO091,"I5 8GB RAM 160 GB HDD, Windows",FZY572S,2016-01-08 05:30:00+05:30,,,,,,,,432,972,421,2,7,422,1,1
61,2018-10-17 20:29:06.309256+05:30,2018-10-17 20:29:06.309256+05:30,t,NEXT-IN-KE010,Keyboard,CN-04G481-71616-54F-0827-A00,2015-07-09 05:30:00+05:30,,,,,,,,432,458,418,2,7,422,1,1
62,2018-10-17 20:29:06.309256+05:30,2018-10-17 20:29:06.309256+05:30,t,NEXT-IN-MN001,21.5 inch monitor,CN-0638CF-74261-520-18HM,2015-07-09 05:30:00+05:30,,,,,,,,432,454,416,2,7,422,1,1
63,2018-10-17 20:29:06.309256+05:30,2018-10-17 20:29:06.309256+05:30,t,NEXT-IN-MN004,21.5 inch monitor,CN-0638CF-74261-520-1R5M,2015-07-09 05:30:00+05:30,,,,,,,,432,454,416,2,7,422,1,1
64,2018-10-17 20:29:06.309256+05:30,2018-10-17 20:29:06.309256+05:30,t,NEXT-IN-MN005,21.5 inch monitor,CN-0638CF-74261-520-18MW,2015-07-09 05:30:00+05:30,,,,,,,,432,454,416,2,7,422,1,1
65,2018-10-17 20:29:06.309256+05:30,2018-10-17 20:29:06.309256+05:30,t,NEXT-IN-MN006,21.5 inch monitor,CN-0638CF-74261-520-1PNM,2015-07-09 05:30:00+05:30,,,,,,,,432,454,416,2,7,422,1,1
66,2018-10-17 20:29:06.309256+05:30,2018-10-17 20:29:06.309256+05:30,t,NEXT-IN-MN007,21.5 inch monitor,CN-0638CF-74261-54F-0P4B,2015-07-09 05:30:00+05:30,,,,,,,,432,454,416,2,7,422,1,1
67,2018-10-17 20:29:06.309256+05:30,2018-10-17 20:29:06.309256+05:30,t,NEXT-IN-MN008,21.5 inch monitor,CN-0638CF-74261-54F-08HB,2015-07-09 05:30:00+05:30,,,,,,,,432,454,416,2,7,422,1,1
68,2018-10-17 20:29:06.309256+05:30,2018-10-17 20:29:06.309256+05:30,t,NEXT-IN-MN009,21.5 inch monitor,CN-0638CF-74261-520-08JB,2015-07-09 05:30:00+05:30,,,,,,,,432,454,416,2,7,422,1,1
69,2018-10-17 20:29:06.309256+05:30,2018-10-17 20:29:06.309256+05:30,t,NEXT-IN-MN010,21.5 inch monitor,CN-0638CF-74261-54F-08NB,2015-07-09 05:30:00+05:30,,,,,,,,432,454,416,2,7,422,1,1
70,2018-10-17 20:29:06.309256+05:30,2018-10-17 20:29:06.309256+05:30,t,NEXT-IN-MN014,21.5 inch monitor,CN-0638CF-74261-54F-088B,2015-07-09 05:30:00+05:30,,,,,,,,432,454,416,2,7,422,1,1
71,2018-10-17 20:29:06.309256+05:30,2018-10-17 20:29:06.309256+05:30,t,NEXT-IN-MN017,19 inch monitor,CN-01WK23-74261-13N-1J1C,2016-01-08 05:30:00+05:30,,,,,,,,432,455,416,2,7,422,1,1
72,2018-10-17 20:29:06.309256+05:30,2018-10-17 20:29:06.309256+05:30,t,NEXT-IN-MN019,21.5 inch monitor,CM 20HPG5507261X,2016-01-15 05:30:00+05:30,,,,,,,,437,,416,2,7,422,1,1
73,2018-10-17 20:29:06.309256+05:30,2018-10-17 20:29:06.309256+05:30,t,NEXT-IN-MN026,22 inch HD Monitor,CN-0VJH96-74445-55M-449U,2016-01-08 05:30:00+05:30,,,,,,,,432,456,416,2,7,422,1,1
74,2018-10-17 20:29:06.309256+05:30,2018-10-17 20:29:06.309256+05:30,t,NEXT-IN-MN028,22.5 inch HD Monitor,CN-01MVD16418051F1JDT,2016-01-15 05:30:00+05:30,,,,,,,,437,457,416,2,7,422,1,1
75,2018-10-17 20:29:06.309256+05:30,2018-10-17 20:29:06.309256+05:30,t,NEXT-IN-MN033,22 inch LCD Monitor,CN-0WM497641807CA27UL,2016-01-08 05:30:00+05:30,,,,,,,,432,,416,2,7,422,1,1
76,2018-10-17 20:29:06.309256+05:30,2018-10-17 20:29:06.309256+05:30,t,NEXT-IN-MN034,22 inch LCD Monitor,CN-0WM497641807CJ32FL,2016-01-08 05:30:00+05:30,,,,,,,,432,,416,2,7,422,1,1
77,2018-10-17 20:29:06.309256+05:30,2018-10-17 20:29:06.309256+05:30,t,NEXT-IN-MN040,,CN-0WM497641807CA27QL,2016-01-15 05:30:00+05:30,,,,,,,,432,,416,2,7,422,1,1
78,2018-10-17 20:29:06.309256+05:30,2018-10-17 20:29:06.309256+05:30,t,NEXT-IN-MN046,,CN-0WM497641807CA27WL,2016-01-15 05:30:00+05:30,,,,,,,,432,,416,2,7,422,1,1
79,2018-10-17 20:29:06.309256+05:30,2018-10-17 20:29:06.309256+05:30,t,NEXT-IN-MN057,,CN-0WM497641807CA280L,2016-01-15 05:30:00+05:30,,,,,,,,432,,416,2,7,422,1,1
80,2018-10-17 20:29:06.309256+05:30,2018-10-17 20:29:06.309256+05:30,t,NEXT-IN-MN058,,CN-0WM497641807CA27ZL,2016-01-15 05:30:00+05:30,,,,,,,,432,,416,2,7,422,1,1
81,2018-10-17 20:29:06.309256+05:30,2018-10-17 20:29:06.309256+05:30,t,NEXT-IN-MN060,,CN-0WM497641807CA28JL,2016-01-15 05:30:00+05:30,,,,,,,,432,,416,2,7,422,1,1
82,2018-10-17 20:29:06.309256+05:30,2018-10-17 20:29:06.309256+05:30,t,NEXT-IN-MN065,,CN-0WM497641807CA27EL,2016-01-15 05:30:00+05:30,,,,,,,,432,,416,2,7,422,1,1
83,2018-10-17 20:29:06.309256+05:30,2018-10-17 20:29:06.309256+05:30,t,NEXT-IN-MN071,,CN-0W937G-64180-948-06QM,2016-01-15 05:30:00+05:30,,,,,,,,432,931,416,2,7,422,1,1
84,2018-10-17 20:29:06.309256+05:30,2018-10-17 20:29:06.309256+05:30,t,NEXT-IN-MN073,,CN-OV782F-64180-015-00VS,2016-01-15 05:30:00+05:30,,,,,,,,432,992,416,2,7,422,1,1
85,2018-10-17 20:29:06.309256+05:30,2018-10-17 20:29:06.309256+05:30,t,NEXT-IN-MU026,Wireless Mouse,4400767,2015-08-01 05:30:00+05:30,,,,,,,,433,470,419,2,7,422,1,1
86,2018-10-17 20:29:06.309256+05:30,2018-10-17 20:29:06.309256+05:30,t,NEXT-IN-KE047,Keyboard,BC3880EVBVSLW2,2016-01-15 05:30:00+05:30,,,,,,,,439,466,418,2,7,424,1,1
87,2018-10-17 20:29:06.309256+05:30,2018-10-17 20:29:06.309256+05:30,t,NEXT-IN-MN041,22 inch LCD Monitor,CN-0WM497641807CA284L,2016-01-15 05:30:00+05:30,,,,,,,,432,,416,2,7,424,1,1
88,2018-10-17 20:29:06.309256+05:30,2018-10-17 20:29:06.309256+05:30,t,NEXT-IN-WO101,"I5 8GB RAM 250 GB HDD, Ubuntu 14.4",HQZ572S,2016-01-08 05:30:00+05:30,,,,,,,,432,972,421,2,7,424,1,1
89,2018-10-17 20:29:06.309256+05:30,2018-10-17 20:29:06.309256+05:30,t,NEXT-IN-WO027,"19"" i3 3.30Ghz,4 GB,500GB Win8",S1FWK50,2015-08-01 05:30:00+05:30,,,,,,,,433,446,421,2,7,424,1,1
90,2018-10-17 20:29:06.309256+05:30,2018-10-17 20:29:06.309256+05:30,t,NEXT-IN-KE026,Wireless Keyboard,4400767,2015-08-01 05:30:00+05:30,,,,,,,,433,463,418,2,7,424,1,1
91,2018-10-17 20:29:06.309256+05:30,2018-10-17 20:29:06.309256+05:30,t,NEXT-IN-MU027,Wireless Mouse,4400409,2015-08-01 05:30:00+05:30,,,,,,,,433,470,419,2,7,424,1,1
92,2018-10-17 20:29:06.309256+05:30,2018-10-17 20:29:06.309256+05:30,t,NEXT-IN-WO025,"19"" i3 3.30Ghz,4 GB,500GB Win8",S1FWH63,2015-08-01 05:30:00+05:30,,,,,,,,433,446,421,2,7,424,1,1
93,2018-10-17 20:29:06.309256+05:30,2018-10-17 20:29:06.309256+05:30,t,NEXT-IN-WO049,"i5-2400 3.10Gh,8GB,160GB,Ubuntu 14.4",3JPV92S,2016-01-15 05:30:00+05:30,,,,,,,,432,444,421,2,7,424,1,1
94,2018-10-17 20:29:06.309256+05:30,2018-10-17 20:29:06.309256+05:30,t,NEXT-IN-KE049,Keyboard,B94690ACPT357U,2016-01-15 05:30:00+05:30,,,,,,,,439,985,418,2,7,424,1,1
95,2018-10-17 20:29:06.309256+05:30,2018-10-17 20:29:06.309256+05:30,t,NEXT-IN-MN043,22 inch LCD Monitor,CN-0WM497641807CJ328L,2016-01-15 05:30:00+05:30,,,,,,,,432,,416,2,7,424,1,1
96,2018-10-17 20:29:06.309256+05:30,2018-10-17 20:29:06.309256+05:30,t,NEXT-IN-MU062,Mouse,FATSK0K8FY1BW8,2016-01-15 05:30:00+05:30,,,,,,,,439,966,419,2,7,424,1,1
97,2018-10-17 20:29:06.309256+05:30,2018-10-17 20:29:06.309256+05:30,t,NEXT-IN-WO022,"i7, 2.27 Ghz, 16 GB, Windows 7",CMSQCP1,2016-01-15 05:30:00+05:30,,,,,,,,432,445,421,2,7,423,1,1
98,2018-10-17 20:29:06.309256+05:30,2018-10-17 20:29:06.309256+05:30,t,NEXT-IN-WO047,3.0Ghz Core Duo,DQM572S,2016-01-15 05:30:00+05:30,,,,,,,,432,444,421,2,7,422,1,1
99,2018-10-17 20:29:06.309256+05:30,2018-10-17 20:29:06.309256+05:30,t,NEXT-IN-KE037,Keyboard,CN-0DJ3317161686D0W0M,2016-01-15 05:30:00+05:30,,,,,,,,432,987,418,2,7,424,1,1
100,2018-10-17 20:29:06.309256+05:30,2018-10-17 20:29:06.309256+05:30,t,NEXT-IN-MN031,22 inch LCD Monitor,CN-0WM497641807CJ2XLL,2016-01-08 05:30:00+05:30,,,,,,,,432,,416,2,7,424,1,1
101,2018-10-17 20:29:06.309256+05:30,2018-10-17 20:29:06.309256+05:30,t,NEXT-IN-WO037,"i5-2400 3.10Gh,8Gb ,Ubuntu ",4WMN92S,2016-01-15 05:30:00+05:30,,,,,,,,432,443,421,2,7,424,1,1
102,2018-10-17 20:29:06.309256+05:30,2018-10-17 20:29:06.309256+05:30,t,NEXT-IN-MU091,Mouse,MS111P,2016-01-15 05:30:00+05:30,,,,,,,,432,468,419,2,7,424,1,1
103,2018-10-17 20:29:06.309256+05:30,2018-10-17 20:29:06.309256+05:30,t,NEXT-IN-LA001,"i7, 1.9 Ghz, 8 GB,500GB Touch  - S550C",660W15t0HJ4,2016-01-15 05:30:00+05:30,,,,,,,,436,,434,2,7,422,1,1
104,2018-10-17 20:29:06.309256+05:30,2018-10-17 20:29:06.309256+05:30,t,NEXT-IN-MN053,,CN-0WM497641808471VZS,2016-01-15 05:30:00+05:30,,,,,,,,432,,416,2,7,424,1,1
105,2018-10-17 20:29:06.309256+05:30,2018-10-17 20:29:06.309256+05:30,t,NEXT-IN-WO067,"i5-2400 3.10Gh,6GB,320GB, Ubuntu14.4",6NW3B2S,2016-01-08 05:30:00+05:30,,,,,,,,432,444,421,2,7,424,1,1
106,2018-10-17 20:29:06.309256+05:30,2018-10-17 20:29:06.309256+05:30,t,NEXT-IN-TA007,BigTab,BT24A00000098140922,2016-01-15 05:30:00+05:30,,,,,,,,893,994,885,2,7,424,1,1
107,2018-10-17 20:29:06.309256+05:30,2018-10-17 20:29:06.309256+05:30,t,NEXT-IN-KE060,Keyboard,B94690AVBSX0LC,2016-01-15 05:30:00+05:30,,,,,,,,439,946,418,2,7,424,1,1
108,2018-10-17 20:29:06.309256+05:30,2018-10-17 20:29:06.309256+05:30,t,NEXT-IN-MN054,,CN-0WM497641807CJ30VL,2016-01-15 05:30:00+05:30,,,,,,,,432,,416,2,7,424,1,1
109,2018-10-17 20:29:06.309256+05:30,2018-10-17 20:29:06.309256+05:30,t,NEXT-IN-WO051,"i5-2400 3.10Gh,6GB, Ubuntu14.4",CR1Z92S,2016-01-15 05:30:00+05:30,,,,,,,,432,444,421,2,7,424,1,1
110,2018-10-17 20:29:06.309256+05:30,2018-10-17 20:29:06.309256+05:30,t,NEXT-IN-MU063,Mouse,FATSK0K5DZ838U,2016-01-15 05:30:00+05:30,,,,,,,,439,966,419,2,7,424,1,1
111,2018-10-17 20:29:06.309256+05:30,2018-10-17 20:29:06.309256+05:30,t,NEXT-IN-WO065,"i5-2400 3.10Gh,8GB,CentOS 7.4",5XMN92S,2016-01-15 05:30:00+05:30,,,,,,,,432,444,421,2,7,422,1,1
112,2018-10-17 20:29:06.309256+05:30,2018-10-17 20:29:06.309256+05:30,t,NEXT-IN-AC001,Wireless Router,,2015-08-01 05:30:00+05:30,,,,,,,,908,,864,2,7,424,1,1
113,2018-10-17 20:29:06.309256+05:30,2018-10-17 20:29:06.309256+05:30,t,NEXT-IN-AC002,Wireless Router,,2015-08-01 05:30:00+05:30,,,,,,,,908,,864,2,7,424,1,1
114,2018-10-17 20:29:06.309256+05:30,2018-10-17 20:29:06.309256+05:30,t,NEXT-IN-AC003,Router,,2016-01-15 05:30:00+05:30,,,,,,,,906,,864,2,7,424,1,1
115,2018-10-17 20:29:06.309256+05:30,2018-10-17 20:29:06.309256+05:30,t,NEXT-IN-AC004,,,2016-01-15 05:30:00+05:30,,,,,,,,896,916,864,2,7,424,1,1
116,2018-10-17 20:29:06.309256+05:30,2018-10-17 20:29:06.309256+05:30,t,NEXT-IN-AC005,,,2016-01-15 05:30:00+05:30,,,,,,,,896,916,864,2,7,424,1,1
117,2018-10-17 20:29:06.309256+05:30,2018-10-17 20:29:06.309256+05:30,t,NEXT-IN-AC006,,,2016-01-15 05:30:00+05:30,,,,,,,,896,916,864,2,7,424,1,1
118,2018-10-17 20:29:06.309256+05:30,2018-10-17 20:29:06.309256+05:30,t,NEXT-IN-AC007,,,2016-01-15 05:30:00+05:30,,,,,,,,896,916,864,2,7,424,1,1
119,2018-10-17 20:29:06.309256+05:30,2018-10-17 20:29:06.309256+05:30,t,NEXT-IN-AC008,Railtel Router,214C677005181,2016-01-15 05:30:00+05:30,,,,,,,,907,998,864,2,7,424,1,1
120,2018-10-17 20:29:06.309256+05:30,2018-10-17 20:29:06.309256+05:30,t,NEXT-IN-DO001,,,2015-08-01 05:30:00+05:30,,,,,,,,890,958,866,2,7,424,1,1
121,2018-10-17 20:29:06.309256+05:30,2018-10-17 20:29:06.309256+05:30,t,NEXT-IN-DO002,,,2015-08-01 05:30:00+05:30,,,,,,,,905,,866,2,7,424,1,1
122,2018-10-17 20:29:06.309256+05:30,2018-10-17 20:29:06.309256+05:30,t,NEXT-IN-LA005,"i5, 1.6Ghz, 4 GB, 500 GB",E5N0CV02760618G,2016-01-15 05:30:00+05:30,,,,,,,,436,449,434,2,7,424,1,1
123,2018-10-17 20:29:06.309256+05:30,2018-10-17 20:29:06.309256+05:30,t,NEXT-In-LA013,,WB15159089,2016-01-15 05:30:00+05:30,,,,,,,,433,913,434,2,7,424,1,1
124,2018-10-17 20:29:06.309256+05:30,2018-10-17 20:29:06.309256+05:30,t,NEXT-IN-MU001,Mouse,CN-011D3V-73826-51Q-1CUO,2015-07-09 05:30:00+05:30,,,,,,,,432,468,419,2,7,424,1,1
125,2018-10-17 20:29:06.309256+05:30,2018-10-17 20:29:06.309256+05:30,t,NEXT-IN-MU030,Mouse,CN-09RRC7-48729-455-072A,2016-01-08 05:30:00+05:30,,,,,,,,432,469,419,2,7,424,1,1
126,2018-10-17 20:29:06.309256+05:30,2018-10-17 20:29:06.309256+05:30,t,NEXT-IN-NE001,,PSZ19341DT9,2016-01-15 05:30:00+05:30,,,,,,,,896,976,873,2,7,424,1,1
127,2018-10-17 20:29:06.309256+05:30,2018-10-17 20:29:06.309256+05:30,t,NEXT-IN-NE002,,DNI19140170,2016-01-15 05:30:00+05:30,,,,,,,,896,977,873,2,7,424,1,1
128,2018-10-17 20:29:06.309256+05:30,2018-10-17 20:29:06.309256+05:30,t,NEXT-IN-PO002,Projector,RJPK5300047,2016-01-15 05:30:00+05:30,,,,,,,,899,933,875,2,7,424,1,1
129,2018-10-17 20:29:06.309256+05:30,2018-10-17 20:29:06.309256+05:30,t,NEXT-IN-PO004,Projector,,2016-01-15 05:30:00+05:30,,,,,,,,899,935,875,2,7,424,1,1
130,2018-10-17 20:29:06.309256+05:30,2018-10-17 20:29:06.309256+05:30,t,NEXT-IN-PJ001,Projector Ceiling Remote - Conference,,2016-01-15 05:30:00+05:30,,,,,,,,,,876,2,7,424,1,1
131,2018-10-17 20:29:06.309256+05:30,2018-10-17 20:29:06.309256+05:30,t,NEXT-IN-PJ002,Projector Ceiling Remote - HR,,2016-01-15 05:30:00+05:30,,,,,,,,,,876,2,7,424,1,1
132,2018-10-17 20:29:06.309256+05:30,2018-10-17 20:29:06.309256+05:30,t,NEXT-IN-PJ003,Projector Ceiling Remote - Projects,,2016-01-15 05:30:00+05:30,,,,,,,,,,876,2,7,424,1,1
133,2018-10-17 20:29:06.309256+05:30,2018-10-17 20:29:06.309256+05:30,t,NEXT-IN-PC002,Projector Ceiling,,2016-01-15 05:30:00+05:30,,,,,,,,,,878,2,7,424,1,1
134,2018-10-17 20:29:06.309256+05:30,2018-10-17 20:29:06.309256+05:30,t,NEXT-IN-RE002,Projector Remote,,2016-01-15 05:30:00+05:30,,,,,,,,899,932,881,2,7,424,1,1
135,2018-10-17 20:29:06.309256+05:30,2018-10-17 20:29:06.309256+05:30,t,NEXT-IN-RE004,Projector Remote,,2016-01-15 05:30:00+05:30,,,,,,,,899,935,881,2,7,424,1,1
136,2018-10-17 20:29:06.309256+05:30,2018-10-17 20:29:06.309256+05:30,t,NEXT-IN-VO003,,QB473D9015319,2016-01-15 05:30:00+05:30,,,,,,,,898,928,887,2,7,424,1,1
137,2018-10-17 20:29:06.309256+05:30,2018-10-17 20:29:06.309256+05:30,t,NEXT-IN-WR004,300Mbps Wi-Fi ADSL modem Router,ECIIDX000588,2016-01-15 05:30:00+05:30,,,,,,,,436,930,889,2,7,424,1,1
138,2018-10-17 20:29:06.309256+05:30,2018-10-17 20:29:06.309256+05:30,t,NEXT-IN-WR001,,F71FR2000313,2016-01-15 05:30:00+05:30,,,,,,,,436,975,889,2,7,424,1,1
139,2018-10-17 20:29:06.309256+05:30,2018-10-17 20:29:06.309256+05:30,t,NEXT-IN-WI003,,,2016-01-15 05:30:00+05:30,,,,,,,,896,914,888,2,7,424,1,1
140,2018-10-17 20:29:06.309256+05:30,2018-10-17 20:29:06.309256+05:30,t,NEXT-IN-KE012,Keyboard,CN-04G481-71616-54F-0834-A00,2015-07-09 05:30:00+05:30,,,,,,,,432,459,418,2,7,424,1,1
141,2018-10-17 20:29:06.309256+05:30,2018-10-17 20:29:06.309256+05:30,t,NEXT-IN-KE015,Keyboard,CN-04G481-71616-54F-0832-A00,2015-07-09 05:30:00+05:30,,,,,,,,432,460,418,2,7,424,1,1
142,2018-10-17 20:29:06.309256+05:30,2018-10-17 20:29:06.309256+05:30,t,NEXT-IN-MN032,22 inch LCD Monitor,CN-0WM497641807CJ325L,2016-01-08 05:30:00+05:30,,,,,,,,432,,416,2,7,424,1,1
143,2018-10-17 20:29:06.309256+05:30,2018-10-17 20:29:06.309256+05:30,t,NEXT-IN-MU031,Mouse,CN-09RRC7-48729-45C-16QW,2016-01-08 05:30:00+05:30,,,,,,,,432,469,419,2,7,424,1,1
144,2018-10-17 20:29:06.309256+05:30,2018-10-17 20:29:06.309256+05:30,t,NEXT-IN-WO019,"Dual Core, 2.8 Ghz, 2GB, 500 GB",7WQ53BS,2016-01-15 05:30:00+05:30,,,,,,,,432,941,421,2,7,424,1,1
145,2018-10-17 20:29:06.309256+05:30,2018-10-17 20:29:06.309256+05:30,t,NEXT-IN-WO050,"i5-2400 3.10Gh,8Gb ,windows 7",B6RFC2S,2016-01-15 05:30:00+05:30,,,,,,,,432,444,421,2,7,424,1,1
146,2018-10-17 20:29:06.309256+05:30,2018-10-17 20:29:06.309256+05:30,t,NEXT-IN-MB004,,HCM -HR ,2016-01-15 05:30:00+05:30,,,,,,,,901,938,872,2,7,423,1,1
147,2018-10-17 20:29:06.309256+05:30,2018-10-17 20:29:06.309256+05:30,t,NEXT-IN-MU019,Mouse,15105,2016-01-15 05:30:00+05:30,,,,,,,,900,960,419,2,7,423,1,1
148,2018-10-17 20:29:06.309256+05:30,2018-10-17 20:29:06.309256+05:30,t,NEXT-IN-MU020,Wireless Mouse,4400407,2015-08-01 05:30:00+05:30,,,,,,,,433,470,419,2,7,423,1,1
149,2018-10-17 20:29:06.309256+05:30,2018-10-17 20:29:06.309256+05:30,t,NEXT-IN-MU021,Wireless Mouse,4400434,2015-08-01 05:30:00+05:30,,,,,,,,433,470,419,2,7,423,1,1
150,2018-10-17 20:29:06.309256+05:30,2018-10-17 20:29:06.309256+05:30,t,NEXT-IN-MU024,Wireless Mouse,4400412,2015-08-01 05:30:00+05:30,,,,,,,,433,470,419,2,7,423,1,1
151,2018-10-17 20:29:06.309256+05:30,2018-10-17 20:29:06.309256+05:30,t,NEXT-IN-MU049,Mouse,10301HK9,2016-01-08 05:30:00+05:30,,,,,,,,432,961,419,2,7,423,1,1
152,2018-10-17 20:29:06.309256+05:30,2018-10-17 20:29:06.309256+05:30,t,NEXT-IN-MU057,Mouse,F6AB50CMSQE00PE,2016-01-15 05:30:00+05:30,,,,,,,,439,969,419,2,7,423,1,1
153,2018-10-17 20:29:06.309256+05:30,2018-10-17 20:29:06.309256+05:30,t,NEXT-IN-MU058,Mouse,FATSK0KDRYTSY6,2016-01-15 05:30:00+05:30,,,,,,,,439,966,419,2,7,423,1,1
154,2018-10-17 20:29:06.309256+05:30,2018-10-17 20:29:06.309256+05:30,t,NEXT-IN-MU061,Mouse,FATSK0KN3Y80EY,2016-01-15 05:30:00+05:30,,,,,,,,439,966,419,2,7,423,1,1
155,2018-10-17 20:29:06.309256+05:30,2018-10-17 20:29:06.309256+05:30,t,NEXT-IN-MU070,Mouse,FATSK0K5BZU5NJ,2016-01-15 05:30:00+05:30,,,,,,,,439,966,419,2,7,423,1,1
156,2018-10-17 20:29:06.309256+05:30,2018-10-17 20:29:06.309256+05:30,t,NEXT-IN-MU074,Mouse,810-00808,2016-01-15 05:30:00+05:30,,,,,,,,440,964,419,2,7,423,1,1
157,2018-10-17 20:29:06.309256+05:30,2018-10-17 20:29:06.309256+05:30,t,NEXT-IN-MU075,Mouse,F93A90H5BVFONE5,2016-01-15 05:30:00+05:30,,,,,,,,439,966,419,2,7,423,1,1
158,2018-10-17 20:29:06.309256+05:30,2018-10-17 20:29:06.309256+05:30,t,NEXT-IN-MU080,Mouse,8B1110AJJDV1A,2016-01-15 05:30:00+05:30,,,,,,,,435,920,419,2,7,423,1,1
159,2018-10-17 20:29:06.309256+05:30,2018-10-17 20:29:06.309256+05:30,t,NEXT-IN-MU081,Mouse,MS111P,2016-01-15 05:30:00+05:30,,,,,,,,432,468,419,2,7,423,1,1
160,2018-10-17 20:29:06.309256+05:30,2018-10-17 20:29:06.309256+05:30,t,NEXT-IN-MU082,Mouse,MS111P,2016-01-15 05:30:00+05:30,,,,,,,,432,468,419,2,7,423,1,1
161,2018-10-17 20:29:06.309256+05:30,2018-10-17 20:29:06.309256+05:30,t,NEXT-IN-MU092,Mouse,,2016-01-15 05:30:00+05:30,,,,,,,,433,955,419,2,7,423,1,1
162,2018-10-17 20:29:06.309256+05:30,2018-10-17 20:29:06.309256+05:30,t,NEXT-IN-MU097,Mouse,MS111P,2016-01-15 05:30:00+05:30,,,,,,,,432,963,419,2,7,423,1,1
163,2018-10-17 20:29:06.309256+05:30,2018-10-17 20:29:06.309256+05:30,t,NEXT-IN-MU098,Mouse,,2016-01-15 05:30:00+05:30,,,,,,,,432,962,419,2,7,423,1,1
164,2018-10-17 20:29:06.309256+05:30,2018-10-17 20:29:06.309256+05:30,t,NEXT-IN-MN070,,29981/ZIC56-15105277/002,2016-01-15 05:30:00+05:30,,,,,,,,436,1000,416,2,7,424,1,1
165,2018-10-17 20:29:06.309256+05:30,2018-10-17 20:29:06.309256+05:30,t,NEXT-IN-WO020,"i7, 2.27 Ghz, 16 GB, Windows 7",2KJTGM1,2016-01-15 05:30:00+05:30,,,,,,,,432,445,421,2,7,424,1,1
166,2018-10-17 20:29:06.309256+05:30,2018-10-17 20:29:06.309256+05:30,t,NEXT-IN-MU034,,LZ437J1073J,2016-01-15 05:30:00+05:30,,,,,,,,440,953,419,2,7,424,1,1
167,2018-10-17 20:29:06.309256+05:30,2018-10-17 20:29:06.309256+05:30,t,NEXT-IN-KE061,Keyboard,BC3880CVBV200OP,2016-01-15 05:30:00+05:30,,,,,,,,439,947,418,2,7,424,1,1
168,2018-10-17 20:29:06.309256+05:30,2018-10-17 20:29:06.309256+05:30,t,NEXT-IN-MN066,,CN-0WM497641807CJ318L,2016-01-15 05:30:00+05:30,,,,,,,,432,,416,2,7,424,1,1
169,2018-10-17 20:29:06.309256+05:30,2018-10-17 20:29:06.309256+05:30,t,NEXT-IN-MU040,Mouse,CT-FCGLF006F1SAIV,2016-01-15 05:30:00+05:30,,,,,,,,439,965,419,2,7,424,1,1
170,2018-10-17 20:29:06.309256+05:30,2018-10-17 20:29:06.309256+05:30,t,NEXT-IN-WO081,"I5 8GB RAM 160 GB HDD, UBUNTU14.4",4ZY572S,2016-01-08 05:30:00+05:30,,,,,,,,432,972,421,2,7,424,1,1
171,2018-10-17 20:29:06.309256+05:30,2018-10-17 20:29:06.309256+05:30,t,NEXT-IN-MU086,Mouse,CN-OX9DGC-71616-62D-OCYL,2016-01-15 05:30:00+05:30,,,,,,,,432,468,419,2,7,424,1,1
172,2018-10-17 20:29:06.309256+05:30,2018-10-17 20:29:06.309256+05:30,t,NEXT-IN-MN029,22 inch LCD Monitor,CN-0WM497641807CJ319L,2016-01-08 05:30:00+05:30,,,,,,,,432,,416,2,7,424,1,1
173,2018-10-17 20:29:06.309256+05:30,2018-10-17 20:29:06.309256+05:30,t,NEXT-IN-WO035,"3.0Ghz Core Duo,4GB,Ubuntu14.4",94MT42S,2016-01-15 05:30:00+05:30,,,,,,,,432,443,421,2,7,424,1,1
174,2018-10-17 20:29:06.309256+05:30,2018-10-17 20:29:06.309256+05:30,t,NEXT-IN-KE007,Keyboard,CN-04G481-71616-54F-082X-A00,2015-07-09 05:30:00+05:30,,,,,,,,432,458,418,2,7,424,1,1
175,2018-10-17 20:29:06.309256+05:30,2018-10-17 20:29:06.309256+05:30,t,NEXT-IN-KE035,Keyboard,Y-U0009,2016-01-15 05:30:00+05:30,,,,,,,,440,467,418,2,7,424,1,1
176,2018-10-17 20:29:06.309256+05:30,2018-10-17 20:29:06.309256+05:30,t,NEXT-IN-MN063,,CN-0WM497641807CA274L,2016-01-15 05:30:00+05:30,,,,,,,,432,,416,2,7,424,1,1
177,2018-10-17 20:29:06.309256+05:30,2018-10-17 20:29:06.309256+05:30,t,NEXT-IN-MU007,Mouse,CN-011D3V-73826-53H-00D6,2015-07-09 05:30:00+05:30,,,,,,,,432,468,419,2,7,424,1,1
178,2018-10-17 20:29:06.309256+05:30,2018-10-17 20:29:06.309256+05:30,t,NEXT-IN-WO104,"I5 8GB RAM 160 GB HDD, Ubuntu 14.4",8VY572S,2016-01-08 05:30:00+05:30,,,,,,,,432,972,421,2,7,424,1,1
179,2018-10-17 20:29:06.309256+05:30,2018-10-17 20:29:06.309256+05:30,t,NEXT-IN-KE034,Keyboard,CN-0C645N7161649R196IA00,2016-01-15 05:30:00+05:30,,,,,,,,432,988,418,2,7,424,1,1
180,2018-10-17 20:29:06.309256+05:30,2018-10-17 20:29:06.309256+05:30,t,NEXT-IN-MU051,Mouse,F0F03W53,2016-01-08 05:30:00+05:30,,,,,,,,432,961,419,2,7,424,1,1
181,2018-10-17 20:29:06.309256+05:30,2018-10-17 20:29:06.309256+05:30,t,NEXT-IN-KE005,Keyboard,CN-0DJ494-71581-51B-069R-A01,2015-07-09 05:30:00+05:30,,,,,,,,432,459,418,2,7,424,1,1
182,2018-10-17 20:29:06.309256+05:30,2018-10-17 20:29:06.309256+05:30,t,NEXT-IN-MN012,21.5 inch monitor,CN-0638CF-74261-54F-08WB,2015-07-09 05:30:00+05:30,,,,,,,,432,454,416,2,7,424,1,1
183,2018-10-17 20:29:06.309256+05:30,2018-10-17 20:29:06.309256+05:30,t,NEXT-IN-TA001,,16GB,2016-01-15 05:30:00+05:30,,,,,,,,,,885,2,7,424,1,1
184,2018-10-17 20:29:06.309256+05:30,2018-10-17 20:29:06.309256+05:30,t,NEXT-IN-TA005,,201501153693,2016-01-15 05:30:00+05:30,,,,,,,,,,885,2,7,424,1,1
185,2018-10-17 20:29:06.309256+05:30,2018-10-17 20:29:06.309256+05:30,t,NEXT-IN-TA006,,201501153694,2016-01-15 05:30:00+05:30,,,,,,,,,,885,2,7,424,1,1
186,2018-10-17 20:29:06.309256+05:30,2018-10-17 20:29:06.309256+05:30,t,NEXT-IN-TA009,Black Tablet,MTK8382,2016-01-15 05:30:00+05:30,,,,,,,,,,885,2,7,424,1,1
187,2018-10-17 20:29:06.309256+05:30,2018-10-17 20:29:06.309256+05:30,t,NEXT-IN-KE002,Keyboard,CN-0DJ494-71581-51B-067C-A01,2015-07-09 05:30:00+05:30,,,,,,,,432,458,418,2,7,424,1,1
188,2018-10-17 20:29:06.309256+05:30,2018-10-17 20:29:06.309256+05:30,t,NEXT-IN-MN002,21.5 inch monitor,CN-0638CF74261-520-18DM,2015-07-09 05:30:00+05:30,,,,,,,,432,454,416,2,7,424,1,1
189,2018-10-17 20:29:06.309256+05:30,2018-10-17 20:29:06.309256+05:30,t,NEXT-IN-MU002,Mouse,CN-011D3V-73826-51Q-1CVS,2015-07-09 05:30:00+05:30,,,,,,,,432,468,419,2,7,424,1,1
190,2018-10-17 20:29:06.309256+05:30,2018-10-17 20:29:06.309256+05:30,t,NEXT-IN-MU012,Mouse,CN-011D3V-73826-53H-006A,2015-07-09 05:30:00+05:30,,,,,,,,432,468,419,2,7,424,1,1
191,2018-10-17 20:29:06.309256+05:30,2018-10-17 20:29:06.309256+05:30,t,NEXT-IN-WO002,"i5,8GB,500GB, Ubuntu 12.04",BCCF152,2015-07-09 05:30:00+05:30,,,,,,,,432,441,421,2,7,424,1,1
192,2018-10-17 20:29:06.309256+05:30,2018-10-17 20:29:06.309256+05:30,t,NEXT-IN-WO012,"i5,8GB,500GB, Ubuntu 12.04",4F7NX52,2015-07-09 05:30:00+05:30,,,,,,,,432,441,421,2,7,424,1,1
193,2018-10-17 20:29:06.309256+05:30,2018-10-17 20:29:06.309256+05:30,t,NEXT-IN-LA007,,,2016-01-15 05:30:00+05:30,,,,,,,,436,450,434,2,7,424,1,1
194,2018-10-17 20:29:06.309256+05:30,2018-10-17 20:29:06.309256+05:30,t,NEXT-IN-MU036,Mouse,CCA13L2820T2,2016-01-15 05:30:00+05:30,,,,,,,,440,956,419,2,7,424,1,1
195,2018-10-17 20:29:06.309256+05:30,2018-10-17 20:29:06.309256+05:30,t,NEXT-IN-PO001,Projector,DBLJLG000834,2016-01-15 05:30:00+05:30,,,,,,,,436,,875,2,7,424,1,1
196,2018-10-17 20:29:06.309256+05:30,2018-10-17 20:29:06.309256+05:30,t,NEXT-IN-PO003,Projector,,2016-01-15 05:30:00+05:30,,,,,,,,899,934,875,2,7,424,1,1
197,2018-10-17 20:29:06.309256+05:30,2018-10-17 20:29:06.309256+05:30,t,NEXT-IN-PE001,Projector Charger,,2016-01-15 05:30:00+05:30,,,,,,,,436,,877,2,7,424,1,1
198,2018-10-17 20:29:06.309256+05:30,2018-10-17 20:29:06.309256+05:30,t,NEXT-IN-RE001,Projector Remote,,2016-01-15 05:30:00+05:30,,,,,,,,436,,881,2,7,424,1,1
199,2018-10-17 20:29:06.309256+05:30,2018-10-17 20:29:06.309256+05:30,t,NEXT-IN-KE018,Keyboard,CN-0Y526K-71616-141-0Y8N-A01,2016-01-15 05:30:00+05:30,,,,,,,,432,990,418,2,7,424,1,1
200,2018-10-17 20:29:06.309256+05:30,2018-10-17 20:29:06.309256+05:30,t,NEXT-IN-MN030,22 inch LCD Monitor,CN-0WM497641807CJ31HL,2016-01-08 05:30:00+05:30,,,,,,,,432,,416,2,7,424,1,1
201,2018-10-17 20:29:06.309256+05:30,2018-10-17 20:29:06.309256+05:30,t,NEXT-IN-WO062,"i5-2400 3.10Gh,6GB, Ubuntu14.4",2KW3B2S,2016-01-15 05:30:00+05:30,,,,,,,,432,444,421,2,7,424,1,1
202,2018-10-17 20:29:06.309256+05:30,2018-10-17 20:29:06.309256+05:30,t,NEXT-IN-MU056,Mouse,FATSK0KN3YVU5V,2016-01-15 05:30:00+05:30,,,,,,,,439,966,419,2,7,424,1,1
203,2018-10-17 20:29:06.309256+05:30,2018-10-17 20:29:06.309256+05:30,t,NEXT-IN-LA010,"AMD Quad Core 2.5Ghz,8GB,750GB,win8.1",EBN0CV534281477,2016-01-15 05:30:00+05:30,,,,,,,,436,452,434,2,7,422,1,1
204,2018-10-17 20:29:06.309256+05:30,2018-10-17 20:29:06.309256+05:30,t,NEXT-IN-LA011,"I7,2.4Ghz,8GB,1TB,WIN8.1",F9N0CX176167388,2016-01-15 05:30:00+05:30,,,,,,,,436,453,434,2,7,422,1,1
205,2018-10-17 20:29:06.309256+05:30,2018-10-17 20:29:06.309256+05:30,t,NEXT-In-LA012,"Core i3,Nvidia Gforce 710M,4GB Ram,500GB HDD",E2NoCV387836090,2016-01-15 05:30:00+05:30,,,,,,,,436,1002,434,2,7,422,1,1
206,2018-10-17 20:29:06.309256+05:30,2018-10-17 20:29:06.309256+05:30,t,NEXT-IN-WO029,"19"" i3 3.30Ghz,4 GB,500GB Win8",S1FWK75,2015-08-01 05:30:00+05:30,,,,,,,,433,446,421,2,7,424,1,1
207,2018-10-17 20:29:06.309256+05:30,2018-10-17 20:29:06.309256+05:30,t,NEXT-IN-KE027,Wireless Keyboard,4400409,2015-08-01 05:30:00+05:30,,,,,,,,433,463,418,2,7,424,1,1
208,2018-10-17 20:29:06.309256+05:30,2018-10-17 20:29:06.309256+05:30,t,NEXT-IN-MU025,Wireless Mouse,4400762,2015-08-01 05:30:00+05:30,,,,,,,,433,470,419,2,7,424,1,1
209,2018-10-17 20:29:06.309256+05:30,2018-10-17 20:29:06.309256+05:30,t,NEXT-IN-KE074,Keyboard,KY6040004UABA,2016-01-15 05:30:00+05:30,,,,,,,,435,921,418,2,7,424,1,1
210,2018-10-17 20:29:06.309256+05:30,2018-10-17 20:29:06.309256+05:30,t,NEXT-IN-MU078,Mouse,8B11103WMDU1A,2016-01-15 05:30:00+05:30,,,,,,,,435,920,419,2,7,424,1,1
211,2018-10-17 20:29:06.309256+05:30,2018-10-17 20:29:06.309256+05:30,t,NEXT-IN-WO074,"core 2 Duo Nvidia 256 Mb 4 Gb ram, 320 GB HDD OS XL Caption",YM9283ULOTF,2016-01-15 05:30:00+05:30,,,,,,,,435,940,421,2,7,424,1,1
212,2018-10-17 20:29:06.309256+05:30,2018-10-17 20:29:06.309256+05:30,t,NEXT-IN-WO084,"I5 8GB RAM 320 GB HDD, Windows",B81672S,2016-01-08 05:30:00+05:30,,,,,,,,432,972,421,2,7,424,1,1
213,2018-10-17 20:29:06.309256+05:30,2018-10-17 20:29:06.309256+05:30,t,NEXT-IN-MU011,Mouse,CN-011D3V-73826-53H-005U,2015-07-09 05:30:00+05:30,,,,,,,,432,468,419,2,7,424,1,1
214,2018-10-17 20:29:06.309256+05:30,2018-10-17 20:29:06.309256+05:30,t,NEXT-IN-KE008,Keyboard,CN-04G481-71616-54F-082Z-A00,2015-07-09 05:30:00+05:30,,,,,,,,432,458,418,2,7,424,1,1
215,2018-10-17 20:29:06.309256+05:30,2018-10-17 20:29:06.309256+05:30,t,NEXT-IN-MN018,21.5 inch monitor,CN-01WK23-74261-13N-1JUC,2016-01-08 05:30:00+05:30,,,,,,,,432,454,416,2,7,424,1,1
216,2018-10-17 20:29:06.309256+05:30,2018-10-17 20:29:06.309256+05:30,t,NEXT-IN-WO006,"i5,8GB,500GB, Ubuntu 12.04",CCCF152,2015-07-09 05:30:00+05:30,,,,,,,,432,441,421,2,7,424,1,1
217,2018-10-17 20:29:06.309256+05:30,2018-10-17 20:29:06.309256+05:30,t,NEXT-IN-KE079,Keyboard,CN-C645N-71616-61P-0A6L-A00,2016-01-08 05:30:00+05:30,,,,,,,,432,978,418,2,7,424,1,1
218,2018-10-17 20:29:06.309256+05:30,2018-10-17 20:29:06.309256+05:30,t,NEXT-IN-KE084,Keyboard,CN-0C645N-71616-5B1-ORV5,2016-01-08 05:30:00+05:30,,,,,,,,432,980,418,2,7,424,1,1
219,2018-10-17 20:29:06.309256+05:30,2018-10-17 20:29:06.309256+05:30,t,NEXT-IN-MN037,,CN-0WM497641807CA271L,2016-01-08 05:30:00+05:30,,,,,,,,432,,416,2,7,424,1,1
220,2018-10-17 20:29:06.309256+05:30,2018-10-17 20:29:06.309256+05:30,t,NEXT-IN-MU042,Mouse,CN-09RRC74475115H0BD6,2016-01-08 05:30:00+05:30,,,,,,,,432,961,419,2,7,424,1,1
221,2018-10-17 20:29:06.309256+05:30,2018-10-17 20:29:06.309256+05:30,t,NEXT-IN-MN064,,CN-0WM497641807CJ31GL,2016-01-15 05:30:00+05:30,,,,,,,,432,,416,2,7,424,1,1
222,2018-10-17 20:29:06.309256+05:30,2018-10-17 20:29:06.309256+05:30,t,NEXT-IN-WO078,"I5 8GB RAM 160 GB HDD, UBUNTU",J41672S,2016-01-08 05:30:00+05:30,,,,,,,,432,972,421,2,7,424,1,1
223,2018-10-17 20:29:06.309256+05:30,2018-10-17 20:29:06.309256+05:30,t,NEXT-IN-WO080,"I5 6GB RAM 160 GB HDD, UBUNTU14.4",IYY5725,2016-01-08 05:30:00+05:30,,,,,,,,432,972,421,2,7,424,1,1
224,2018-10-17 20:29:06.309256+05:30,2018-10-17 20:29:06.309256+05:30,t,NEXT-IN-MU077,Mouse,F93A90AN3UV0BYG,2016-01-15 05:30:00+05:30,,,,,,,,439,966,419,2,7,424,1,1
225,2018-10-17 20:29:06.309256+05:30,2018-10-17 20:29:06.309256+05:30,t,NEXT-IN-WO053,i5-2400 3.10Gh,81F6B2S,2016-01-15 05:30:00+05:30,,,,,,,,432,444,421,2,7,424,1,1
226,2018-10-17 20:29:06.309256+05:30,2018-10-17 20:29:06.309256+05:30,t,NEXT-IN-MU018,Mouse,CN-0X9DCG-71616-46D1-FLD,2016-01-08 05:30:00+05:30,,,,,,,,432,469,419,2,7,424,1,1
227,2018-10-17 20:29:06.309256+05:30,2018-10-17 20:29:06.309256+05:30,t,NEXT-IN-WO064,"i5-2400 3.10Gh,6GB, Ubuntu14.4",HR44B2S,2016-01-15 05:30:00+05:30,,,,,,,,432,444,421,2,7,424,1,1
228,2018-10-17 20:29:06.309256+05:30,2018-10-17 20:29:06.309256+05:30,t,NEXT-IN-KE082,Keyboard,CN-0C645N-71616-5B1-OVR7,2016-01-08 05:30:00+05:30,,,,,,,,432,978,418,2,7,424,1,1
229,2018-10-17 20:29:06.309256+05:30,2018-10-17 20:29:06.309256+05:30,t,NEXT-IN-MN023,22 inch HD Monitor,CN-0VJH96-74445-55M-359U,2016-01-08 05:30:00+05:30,,,,,,,,432,456,416,2,7,424,1,1
230,2018-10-17 20:29:06.309256+05:30,2018-10-17 20:29:06.309256+05:30,t,NEXT-IN-KE056,Keyboard,CN-0DJ3317161681U0E8U,2016-01-15 05:30:00+05:30,,,,,,,,432,987,418,2,7,424,1,1
231,2018-10-17 20:29:06.309256+05:30,2018-10-17 20:29:06.309256+05:30,t,NEXT-IN-MU048,Mouse,265986003,2016-01-15 05:30:00+05:30,,,,,,,,439,965,419,2,7,424,1,1
232,2018-10-17 20:29:06.309256+05:30,2018-10-17 20:29:06.309256+05:30,t,NEXT-IN-WO023,"i7, 2.27 Ghz, 16 GB, Windows 7",97D5GQ1,2016-01-15 05:30:00+05:30,,,,,,,,432,445,421,2,7,424,1,1
233,2018-10-17 20:29:06.309256+05:30,2018-10-17 20:29:06.309256+05:30,t,NEXT-IN-WO008,"i5,8GB,500GB, Ubuntu 12.04, Windows 8",4F0LX52,2015-07-09 05:30:00+05:30,,,,,,,,432,441,421,2,7,422,1,1
234,2018-10-17 20:29:06.309256+05:30,2018-10-17 20:29:06.309256+05:30,t,NEXT-IN-KE041,Keyboard,CN-0RH659658900230BMF,2016-01-15 05:30:00+05:30,,,,,,,,432,987,418,2,7,424,1,1
235,2018-10-17 20:29:06.309256+05:30,2018-10-17 20:29:06.309256+05:30,t,NEXT-IN-MN015,21.5 inch monitor,CN-0638CF-74261-54F-08GB,2015-07-09 05:30:00+05:30,,,,,,,,432,454,416,2,7,424,1,1
236,2018-10-17 20:29:06.309256+05:30,2018-10-17 20:29:06.309256+05:30,t,NEXT-IN-WO083,"I5 8GB RAM 320 GB HDD, Unbuntu 16.4",891672S,2016-01-08 05:30:00+05:30,,,,,,,,432,972,421,2,7,424,1,1
237,2018-10-17 20:29:06.309256+05:30,2018-10-17 20:29:06.309256+05:30,t,NEXT-IN-MU052,Mouse,F1501ZLH,2016-01-08 05:30:00+05:30,,,,,,,,432,961,419,2,7,424,1,1
238,2018-10-17 20:29:06.309256+05:30,2018-10-17 20:29:06.309256+05:30,t,NEXT-IN-MU022,Wireless Mouse,4400403,2015-08-01 05:30:00+05:30,,,,,,,,433,470,419,2,7,423,1,1
239,2018-10-17 20:29:06.309256+05:30,2018-10-17 20:29:06.309256+05:30,t,NEXT-IN-KE051,Keyboard,820002940,2016-01-15 05:30:00+05:30,,,,,,,,440,467,418,2,7,424,1,1
240,2018-10-17 20:29:06.309256+05:30,2018-10-17 20:29:06.309256+05:30,t,NEXT-IN-MN072,,CN-OV782F-64180-026,2016-01-15 05:30:00+05:30,,,,,,,,432,991,416,2,7,424,1,1
241,2018-10-17 20:29:06.309256+05:30,2018-10-17 20:29:06.309256+05:30,t,NEXT-IN-MU069,Mouse,F93A90AN3SLOHM5,2016-01-15 05:30:00+05:30,,,,,,,,439,970,419,2,7,424,1,1
242,2018-10-17 20:29:06.309256+05:30,2018-10-17 20:29:06.309256+05:30,t,NEXT-IN-WO041,3.0Ghz Core Duo,F53862S,2016-01-15 05:30:00+05:30,,,,,,,,432,443,421,2,7,424,1,1
243,2018-10-17 20:29:06.309256+05:30,2018-10-17 20:29:06.309256+05:30,t,NEXT-IN-TA008,BigTab,BT20A00000299140298,2016-01-15 05:30:00+05:30,,,,,,,,893,994,885,2,7,422,1,1
244,2018-10-17 20:29:06.309256+05:30,2018-10-17 20:29:06.309256+05:30,t,NEXT-IN-KE022,Wireless Keyboard,4400403,2015-08-01 05:30:00+05:30,,,,,,,,433,463,418,2,7,424,1,1
245,2018-10-17 20:29:06.309256+05:30,2018-10-17 20:29:06.309256+05:30,t,NEXT-IN-MU003,Mouse,CN-011D3V-73826-51Q-1CUA,2015-07-09 05:30:00+05:30,,,,,,,,432,468,419,2,7,424,1,1
246,2018-10-17 20:29:06.309256+05:30,2018-10-17 20:29:06.309256+05:30,t,NEXT-IN-WO026,"19"" i3 3.30Ghz,4 GB,500GB Ubuntu 14.04",S1FWK8W,2015-08-01 05:30:00+05:30,,,,,,,,433,446,421,2,7,424,1,1
247,2018-10-17 20:29:06.309256+05:30,2018-10-17 20:29:06.309256+05:30,t,NEXT-IN-KE003,Keyboard,CN-0DJ494-71581-51B-067A-A01,2015-07-09 05:30:00+05:30,,,,,,,,432,458,418,2,7,424,1,1
248,2018-10-17 20:29:06.309256+05:30,2018-10-17 20:29:06.309256+05:30,t,NEXT-IN-WO031,"19"" i3 3.30Ghz,4 GB,500GB Win8",S1FWL02,2015-08-01 05:30:00+05:30,,,,,,,,433,446,421,2,7,422,1,1
249,2018-10-17 20:29:06.309256+05:30,2018-10-17 20:29:06.309256+05:30,t,NEXT-IN-WO004,"i5,8GB,500GB, Ubuntu 12.04",DVCD152,2015-07-09 05:30:00+05:30,,,,,,,,432,441,421,2,7,422,1,1
250,2018-10-17 20:29:06.309256+05:30,2018-10-17 20:29:06.309256+05:30,t,NEXT-IN-WO090,"I5 8GB RAM 160 GB HDD, Windows",3TY572S,2016-01-08 05:30:00+05:30,,,,,,,,432,972,421,2,7,422,1,1
251,2018-10-17 20:29:06.309256+05:30,2018-10-17 20:29:06.309256+05:30,t,NEXT-IN-WO105,"I5 8GB RAM 320 GB HDD, Windows",GRZ572S,2016-01-08 05:30:00+05:30,,,,,,,,432,972,421,2,7,422,1,1
252,2018-10-17 20:29:06.309256+05:30,2018-10-17 20:29:06.309256+05:30,t,NEXT-IN-KE028,Wireless Keyboard,4400427,2015-08-01 05:30:00+05:30,,,,,,,,433,463,418,2,7,424,1,1
253,2018-10-17 20:29:06.309256+05:30,2018-10-17 20:29:06.309256+05:30,t,NEXT-IN-MN069,,29981/ZIC56-15105277/001,2016-01-15 05:30:00+05:30,,,,,,,,436,1000,416,2,7,424,1,1
254,2018-10-17 20:29:06.309256+05:30,2018-10-17 20:29:06.309256+05:30,t,NEXT-IN-MU028,Wireless Mouse,4400427,2015-08-01 05:30:00+05:30,,,,,,,,433,470,419,2,7,424,1,1
255,2018-10-17 20:29:06.309256+05:30,2018-10-17 20:29:06.309256+05:30,t,NEXT-IN-WO034,"i7,3.6Ghz,1TB,8GB, WIN8",,2016-01-15 05:30:00+05:30,,,,,,,,904,,421,2,7,424,1,1
256,2018-10-17 20:29:06.309256+05:30,2018-10-17 20:29:06.309256+05:30,t,NEXT-IN-KE021,Wireless Keyboard,4400434,2015-08-01 05:30:00+05:30,,,,,,,,433,463,418,2,7,424,1,1
257,2018-10-17 20:29:06.309256+05:30,2018-10-17 20:29:06.309256+05:30,t,NEXT-IN-MU094,Mouse,,2016-01-15 05:30:00+05:30,,,,,,,,433,955,419,2,7,424,1,1
258,2018-10-17 20:29:06.309256+05:30,2018-10-17 20:29:06.309256+05:30,t,NEXT-IN-MN050,22 inch LCD Monitor,CN-0WM497641807CJ31ZL,2016-01-15 05:30:00+05:30,,,,,,,,432,,416,2,7,424,1,1
259,2018-10-17 20:29:06.309256+05:30,2018-10-17 20:29:06.309256+05:30,t,NEXT-IN-WO045,3.0Ghz Core Duo,JYC372S,2016-01-15 05:30:00+05:30,,,,,,,,432,444,421,2,7,424,1,1
260,2018-10-17 20:29:06.309256+05:30,2018-10-17 20:29:06.309256+05:30,t,NEXT-IN-WO042,"3.0Ghz Core Duo,8GB,Windows 7",1B3R72S,2016-01-15 05:30:00+05:30,,,,,,,,432,443,421,2,7,424,1,1
261,2018-10-17 20:29:06.309256+05:30,2018-10-17 20:29:06.309256+05:30,t,NEXT-IN-WO082,"I5 8GB RAM 500GB HDD, Ubuntu 14.4",CZZ572S,2016-01-08 05:30:00+05:30,,,,,,,,432,972,421,2,7,424,1,1
262,2018-10-17 20:29:06.309256+05:30,2018-10-17 20:29:06.309256+05:30,t,NEXT-IN-KE088,Keyboard,CN-OHVG5J-71616-65D-180J-A03,2016-01-08 05:30:00+05:30,,,,,,,,432,944,418,2,7,424,1,1
263,2018-10-17 20:29:06.309256+05:30,2018-10-17 20:29:06.309256+05:30,t,NEXT-IN-MN024,22 inch HD Monitor,CN-0VJH96-74445-55M-362U,2016-01-08 05:30:00+05:30,,,,,,,,432,456,416,2,7,424,1,1
264,2018-10-17 20:29:06.309256+05:30,2018-10-17 20:29:06.309256+05:30,t,NEXT-IN-MN021,22 inch HD Monitor,CN-0VJH96-74445-526-930U,2016-01-08 05:30:00+05:30,,,,,,,,432,456,416,2,7,424,1,1
265,2018-10-17 20:29:06.309256+05:30,2018-10-17 20:29:06.309256+05:30,t,NEXT-IN-KE036,Keyboard,BC3880EVBVYET,2016-01-15 05:30:00+05:30,,,,,,,,439,466,418,2,7,424,1,1
266,2018-10-17 20:29:06.309256+05:30,2018-10-17 20:29:06.309256+05:30,t,NEXT-IN-MU041,Mouse,CN-011D3V715811880XTK,2016-01-08 05:30:00+05:30,,,,,,,,432,961,419,2,7,424,1,1
267,2018-10-17 20:29:06.309256+05:30,2018-10-17 20:29:06.309256+05:30,t,NEXT-IN-WO036,"i5-2400 3.10Gh,8Gb ,windows 7",B2F6B2S,2016-01-15 05:30:00+05:30,,,,,,,,432,443,421,2,7,424,1,1
268,2018-10-17 20:29:06.309256+05:30,2018-10-17 20:29:06.309256+05:30,t,NEXT-IN-KE083,Keyboard,CN-0C645N-71616-5B1-ORME,2016-01-08 05:30:00+05:30,,,,,,,,432,979,418,2,7,424,1,1
269,2018-10-17 20:29:06.309256+05:30,2018-10-17 20:29:06.309256+05:30,t,NEXT-IN-MU046,Mouse,CN-011D3U715811881M49,2016-01-08 05:30:00+05:30,,,,,,,,432,961,419,2,7,424,1,1
270,2018-10-17 20:29:06.309256+05:30,2018-10-17 20:29:06.309256+05:30,t,NEXT-IN-WO059,"i5-2400 3.10Gh,10GB,320Gb,Ubuntu14.4",9JNP92S,2016-01-15 05:30:00+05:30,,,,,,,,432,444,421,2,7,424,1,1
271,2018-10-17 20:29:06.309256+05:30,2018-10-17 20:29:06.309256+05:30,t,NEXT-IN-TA002,,,2016-01-15 05:30:00+05:30,,,,,,,,,,885,2,7,423,1,1
272,2018-10-17 20:29:06.309256+05:30,2018-10-17 20:29:06.309256+05:30,t,NEXT-IN-TA003,,,2016-01-15 05:30:00+05:30,,,,,,,,,,885,2,7,423,1,1
273,2018-10-17 20:29:06.309256+05:30,2018-10-17 20:29:06.309256+05:30,t,NEXT-IN-TA004,,,2016-01-15 05:30:00+05:30,,,,,,,,,,885,2,7,423,1,1
274,2018-10-17 20:29:06.309256+05:30,2018-10-17 20:29:06.309256+05:30,t,NEXT-IN-KE069,Keyboard,CN-0RH6596589002304Y0,2016-01-08 05:30:00+05:30,,,,,,,,432,987,418,2,7,424,1,1
275,2018-10-17 20:29:06.309256+05:30,2018-10-17 20:29:06.309256+05:30,t,NEXT-IN-MN047,,CN-0WM497641807CJ31EL,2016-01-15 05:30:00+05:30,,,,,,,,432,,416,2,7,424,1,1
276,2018-10-17 20:29:06.309256+05:30,2018-10-17 20:29:06.309256+05:30,t,NEXT-IN-WO017,"i3,2GB,500GB, 3.1 Ghz,ubuntu 14.4",236VWQ1,2016-01-15 05:30:00+05:30,,,,,,,,432,442,421,2,7,424,1,1
277,2018-10-17 20:29:06.309256+05:30,2018-10-17 20:29:06.309256+05:30,t,NEXT-IN-MU035,Mouse,LZ437J1073A,2016-01-15 05:30:00+05:30,,,,,,,,440,953,419,2,7,424,1,1
278,2018-10-17 20:29:06.309256+05:30,2018-10-17 20:29:06.309256+05:30,t,NEXT-IN-LA003,"i7, 2.0 Ghz, 12 GB,1 TB",EWOCV213301504,2016-01-15 05:30:00+05:30,,,,,,,,436,448,434,2,7,424,1,1
279,2018-10-17 20:29:06.309256+05:30,2018-10-17 20:29:06.309256+05:30,t,NEXT-IN-KE013,Keyboard,CN-04G481-71616-54F-0831-A00,2015-07-09 05:30:00+05:30,,,,,,,,432,459,418,2,7,424,1,1
280,2018-10-17 20:29:06.309256+05:30,2018-10-17 20:29:06.309256+05:30,t,NEXT-IN-MN025,22 inch HD Monitor,CN-0VJH96-74445-55M-357U,2016-01-08 05:30:00+05:30,,,,,,,,432,456,416,2,7,424,1,1
281,2018-10-17 20:29:06.309256+05:30,2018-10-17 20:29:06.309256+05:30,t,NEXT-IN-WO052,"i5-2400 3.10Gh,8GB,windows 8",G6RFC2S,2016-01-15 05:30:00+05:30,,,,,,,,432,444,421,2,7,424,1,1
282,2018-10-17 20:29:06.309256+05:30,2018-10-17 20:29:06.309256+05:30,t,NEXT-IN-KE071,Keyboard,CN-07347F7161605E0KN3A01,2016-01-08 05:30:00+05:30,,,,,,,,432,987,418,2,7,424,1,1
283,2018-10-17 20:29:06.309256+05:30,2018-10-17 20:29:06.309256+05:30,t,NEXT-IN-MU059,Mouse,FATSK0MN31G2TB,2016-01-15 05:30:00+05:30,,,,,,,,439,966,419,2,7,424,1,1
284,2018-10-17 20:29:06.309256+05:30,2018-10-17 20:29:06.309256+05:30,t,NEXT-IN-KE067,Keyboard,CN-054JM67158138J014UA01,2016-01-08 05:30:00+05:30,,,,,,,,432,987,418,2,7,424,1,1
285,2018-10-17 20:29:06.309256+05:30,2018-10-17 20:29:06.309256+05:30,t,NEXT-IN-MN061,,CN-0WM497641807CA27KL,2016-01-15 05:30:00+05:30,,,,,,,,432,,416,2,7,424,1,1
286,2018-10-17 20:29:06.309256+05:30,2018-10-17 20:29:06.309256+05:30,t,NEXT-IN-WO014,"i5,500GB, 6GB,Ubuntu 14.04",4F9RX52,2015-07-09 05:30:00+05:30,,,,,,,,432,441,421,2,7,424,1,1
287,2018-10-17 20:29:06.309256+05:30,2018-10-17 20:29:06.309256+05:30,t,NEXT-IN-MU072,Mouse,XN966,2016-01-15 05:30:00+05:30,,,,,,,,432,967,419,2,7,424,1,1
288,2018-10-17 20:29:06.309256+05:30,2018-10-17 20:29:06.309256+05:30,t,NEXT-IN-WO018,"i3,6GB,500GB, 3.1 Ghz, Windows",22WPWQ1,2016-01-15 05:30:00+05:30,,,,,,,,432,442,421,2,7,424,1,1
289,2018-10-17 20:29:06.309256+05:30,2018-10-17 20:29:06.309256+05:30,t,NEXT-IN-KE063,Keyboard,BC3880AVBU75RN,2016-01-15 05:30:00+05:30,,,,,,,,439,949,418,2,7,424,1,1
290,2018-10-17 20:29:06.309256+05:30,2018-10-17 20:29:06.309256+05:30,t,NEXT-IN-MB001,,CP8101308080390,2016-01-15 05:30:00+05:30,,,,,,,,,,872,2,7,424,1,1
291,2018-10-17 20:29:06.309256+05:30,2018-10-17 20:29:06.309256+05:30,t,NEXT-IN-MB002,,35AFS6B26A,2016-01-15 05:30:00+05:30,,,,,,,,,,872,2,7,424,1,1
292,2018-10-17 20:29:06.309256+05:30,2018-10-17 20:29:06.309256+05:30,t,NEXT-IN-MB003,,35AB2N6NL260A,2016-01-15 05:30:00+05:30,,,,,,,,,,872,2,7,424,1,1
293,2018-10-17 20:29:06.309256+05:30,2018-10-17 20:29:06.309256+05:30,t,NEXT-IN-MN067,,CN-0WM4976418082T1J3M,2016-01-15 05:30:00+05:30,,,,,,,,432,,416,2,7,424,1,1
294,2018-10-17 20:29:06.309256+05:30,2018-10-17 20:29:06.309256+05:30,t,NEXT-IN-MU064,Mouse,FATSK0K5BYNIBV,2016-01-15 05:30:00+05:30,,,,,,,,439,966,419,2,7,424,1,1
295,2018-10-17 20:29:06.309256+05:30,2018-10-17 20:29:06.309256+05:30,t,NEXT-IN-WO048,"i5-2400 3.10Gh,8GB,Ubuntu 14.4",HNW3B2S,2016-01-15 05:30:00+05:30,,,,,,,,432,444,421,2,7,424,1,1
296,2018-10-17 20:29:06.309256+05:30,2018-10-17 20:29:06.309256+05:30,t,NEXT-IN-KE053,Keyboard,B77B50AVBR7493,2016-01-15 05:30:00+05:30,,,,,,,,439,466,418,2,7,424,1,1
297,2018-10-17 20:29:06.309256+05:30,2018-10-17 20:29:06.309256+05:30,t,NEXT-IN-MN062,,CN-0WM497641807CA27TL,2016-01-15 05:30:00+05:30,,,,,,,,432,,416,2,7,424,1,1
298,2018-10-17 20:29:06.309256+05:30,2018-10-17 20:29:06.309256+05:30,t,NEXT-IN-WO063,i5-2400 3.10Gh,JRY4B2S,2016-01-15 05:30:00+05:30,,,,,,,,432,444,421,2,7,424,1,1
299,2018-10-17 20:29:06.309256+05:30,2018-10-17 20:29:06.309256+05:30,t,NEXT-IN-WO072,"i5-2400 3.10Gh,4GB,ubutnu14.4",JRY4B2S,2016-01-08 05:30:00+05:30,,,,,,,,432,971,421,2,7,424,1,1
300,2018-10-17 20:29:06.309256+05:30,2018-10-17 20:29:06.309256+05:30,t,NEXT-IN-MU029,Mouse,CN-09RRC7-48729-43T-08BC,2016-01-08 05:30:00+05:30,,,,,,,,432,469,419,2,7,424,1,1
301,2018-10-17 20:29:06.309256+05:30,2018-10-17 20:29:06.309256+05:30,t,NEXT-IN-KE020,Wireless Keyboard,4400407,2015-08-01 05:30:00+05:30,,,,,,,,433,463,418,2,7,424,1,1
302,2018-10-17 20:29:06.309256+05:30,2018-10-17 20:29:06.309256+05:30,t,NEXT-IN-MU090,Mouse,MS111P,2016-01-15 05:30:00+05:30,,,,,,,,432,468,419,2,7,424,1,1
303,2018-10-17 20:29:06.309256+05:30,2018-10-17 20:29:06.309256+05:30,t,NEXT-IN-MN011,21.5 inch monitor,CN-0638CF-74261-54F-092B,2015-07-09 05:30:00+05:30,,,,,,,,432,454,416,2,7,424,1,1
304,2018-10-17 20:29:06.309256+05:30,2018-10-17 20:29:06.309256+05:30,t,NEXT-IN-WO085,"I5 8GB RAM 160 GB HDD, Windows",5SZ572S,2016-01-08 05:30:00+05:30,,,,,,,,432,972,421,2,7,424,1,1
305,2018-10-17 20:29:06.309256+05:30,2018-10-17 20:29:06.309256+05:30,t,NEXT-IN-KE055,Keyboard,MY01HF2Y716191B32079A00,2016-01-15 05:30:00+05:30,,,,,,,,432,987,418,2,7,424,1,1
306,2018-10-17 20:29:06.309256+05:30,2018-10-17 20:29:06.309256+05:30,t,NEXT-IN-MN049,,CN-0WM497641807CA27GL,2016-01-15 05:30:00+05:30,,,,,,,,432,,416,2,7,424,1,1
307,2018-10-17 20:29:06.309256+05:30,2018-10-17 20:29:06.309256+05:30,t,NEXT-IN-MU066,Mouse,F93A9GAN3S10CR6,2016-01-15 05:30:00+05:30,,,,,,,,439,970,419,2,7,424,1,1
308,2018-10-17 20:29:06.309256+05:30,2018-10-17 20:29:06.309256+05:30,t,NEXT-IN-WO070,"i5-2400 3.10Gh,6GB, Ubuntu14.4",5R1Z92S,2016-01-08 05:30:00+05:30,,,,,,,,432,444,421,2,7,424,1,1
309,2018-10-17 20:29:06.309256+05:30,2018-10-17 20:29:06.309256+05:30,t,NEXT-IN-KE058,Keyboard,B77B50AVBRS3ST,2016-01-15 05:30:00+05:30,,,,,,,,439,466,418,2,7,424,1,1
310,2018-10-17 20:29:06.309256+05:30,2018-10-17 20:29:06.309256+05:30,t,NEXT-IN-KE032,Keyboard,CN-0RF47T-75134-48B-00F3-A02,2016-01-15 05:30:00+05:30,,,,,,,,432,945,418,2,7,424,1,1
311,2018-10-17 20:29:06.309256+05:30,2018-10-17 20:29:06.309256+05:30,t,NEXT-IN-MU047,Mouse,F1501ZSG,2016-01-08 05:30:00+05:30,,,,,,,,432,961,419,2,7,424,1,1
312,2018-10-17 20:29:06.309256+05:30,2018-10-17 20:29:06.309256+05:30,t,NEXT-IN-MN022,22 inch HD Monitor,CN-0VJH96-74445-526-654U,2016-01-08 05:30:00+05:30,,,,,,,,432,456,416,2,7,424,1,1
313,2018-10-17 20:29:06.309256+05:30,2018-10-17 20:29:06.309256+05:30,t,NEXT-IN-MN039,,CN-0WM497641807CA272L,2016-01-15 05:30:00+05:30,,,,,,,,432,,416,2,7,424,1,1
314,2018-10-17 20:29:06.309256+05:30,2018-10-17 20:29:06.309256+05:30,t,NEXT-IN-WO073,"i5-2400 3.10Gh,8GB,150GB,Ubuntu14.4",42F6B2S,2016-01-08 05:30:00+05:30,,,,,,,,432,971,421,2,7,424,1,1
315,2018-10-17 20:29:06.309256+05:30,2018-10-17 20:29:06.309256+05:30,t,NEXT-IN-MN027,22 inch HD Monitor,CN-0VJH96-74445-526-650U,2016-01-08 05:30:00+05:30,,,,,,,,432,456,416,2,7,424,1,1
316,2018-10-17 20:29:06.309256+05:30,2018-10-17 20:29:06.309256+05:30,t,NEXT-IN-KE030,Keyboard,CN-0RF47T-75134-47U-01H0-A02,2016-01-15 05:30:00+05:30,,,,,,,,432,945,418,2,7,424,1,1
317,2018-10-17 20:29:06.309256+05:30,2018-10-17 20:29:06.309256+05:30,t,NEXT-IN-MU015,Mouse,CN-011D3V-73826-53H-00DJ,2015-07-09 05:30:00+05:30,,,,,,,,432,468,419,2,7,424,1,1
318,2018-10-17 20:29:06.309256+05:30,2018-10-17 20:29:06.309256+05:30,t,NEXT-IN-WO068,"i5-2400 3.10Gh,8Gb,320GB,Ubuntu 14.4",DFM292S,2016-01-08 05:30:00+05:30,,,,,,,,432,444,421,2,7,424,1,1
319,2018-10-17 20:29:06.309256+05:30,2018-10-17 20:29:06.309256+05:30,t,NEXT-IN-WO032,"19"" i3 3.30Ghz,4 GB,500GB Win8",S1FWK71,2015-08-01 05:30:00+05:30,,,,,,,,433,446,421,2,7,423,1,1
320,2018-10-17 20:29:06.309256+05:30,2018-10-17 20:29:06.309256+05:30,t,NEXT-IN-KE080,Keyboard,CN-C645N-71616-61P-0B2Y-A00,2016-01-08 05:30:00+05:30,,,,,,,,432,978,418,2,7,424,1,1
321,2018-10-17 20:29:06.309256+05:30,2018-10-17 20:29:06.309256+05:30,t,NEXT-IN-MN036,22 inch LCD Monitor,CN-0WM497641807CA27LL,2016-01-08 05:30:00+05:30,,,,,,,,432,,416,2,7,424,1,1
322,2018-10-17 20:29:06.309256+05:30,2018-10-17 20:29:06.309256+05:30,t,NEXT-IN-WO100,"I5 8GB RAM 160 GB HDD, Windows",1SZ572S,2016-01-08 05:30:00+05:30,,,,,,,,432,972,421,2,7,424,1,1
323,2018-10-17 20:29:06.309256+05:30,2018-10-17 20:29:06.309256+05:30,t,NEXT-IN-MU068,Mouse,E-C011-05-3735(B),2016-01-15 05:30:00+05:30,,,,,,,,440,966,419,2,7,424,1,1
324,2018-10-17 20:29:06.309256+05:30,2018-10-17 20:29:06.309256+05:30,t,NEXT-IN-AC009,AV1200 3-Port Gb Passthrough  Wireless Powerline Adapter,2159867A01972,2015-08-01 05:30:00+05:30,,,,,,,,907,995,864,2,7,422,1,1
325,2018-10-17 20:29:06.309256+05:30,2018-10-17 20:29:06.309256+05:30,t,NEXT-IN-AC010,300Mbps Wi-Fi Range Extender,2159A22006467,2016-01-15 05:30:00+05:30,,,,,,,,907,996,864,2,7,422,1,1
326,2018-10-17 20:29:06.309256+05:30,2018-10-17 20:29:06.309256+05:30,t,NEXT-IN-AC011,300Mbps Wi-Fi Range Extender,215A342001326,2016-01-15 05:30:00+05:30,,,,,,,,907,997,864,2,7,422,1,1
327,2018-10-17 20:29:06.309256+05:30,2018-10-17 20:29:06.309256+05:30,t,NEXT-IN-AC012,AV1200 3-Port Gb Passthrough Wireless Powerline Adapter,2159867B01972,2015-08-01 05:30:00+05:30,,,,,,,,907,995,864,2,7,422,1,1
328,2018-10-17 20:29:06.309256+05:30,2018-10-17 20:29:06.309256+05:30,t,NEXT-IN-KE062,Keyboard,BC3880EVBVSG5L,2016-01-15 05:30:00+05:30,,,,,,,,439,948,418,2,7,422,1,1
329,2018-10-17 20:29:06.309256+05:30,2018-10-17 20:29:06.309256+05:30,t,NEXT-IN-MN068,,CN-0WM497641807CJ30XL,2016-01-15 05:30:00+05:30,,,,,,,,432,,416,2,7,422,1,1
330,2018-10-17 20:29:06.309256+05:30,2018-10-17 20:29:06.309256+05:30,t,NEXT-IN-WO033,"i5,8GB, 1 TB, Ubuntu 12.04",,2016-01-15 05:30:00+05:30,,,,,,,,909,,421,2,7,422,1,1
331,2018-10-17 20:29:06.309256+05:30,2018-10-17 20:29:06.309256+05:30,t,NEXT-IN-MN055,,CN-0WM497641807BL1J7M,2016-01-15 05:30:00+05:30,,,,,,,,432,,416,2,7,422,1,1
332,2018-10-17 20:29:06.309256+05:30,2018-10-17 20:29:06.309256+05:30,t,NEXT-IN-WO001,"i5,8GB,500GB, Ubuntu 12.04",8CCF152,2015-07-09 05:30:00+05:30,,,,,,,,432,441,421,2,7,422,1,1
333,2018-10-17 20:29:06.309256+05:30,2018-10-17 20:29:06.309256+05:30,t,NEXT-IN-WO003,"i5,8GB,500GB, Ubuntu 12.04",9CCF152,2015-07-09 05:30:00+05:30,,,,,,,,432,441,421,2,7,422,1,1
334,2018-10-17 20:29:06.309256+05:30,2018-10-17 20:29:06.309256+05:30,t,NEXT-IN-WO010,"i5,8GB,500GB, Ubuntu 12.04",4F8QX52,2015-07-09 05:30:00+05:30,,,,,,,,432,441,421,2,7,422,1,1
335,2018-10-17 20:29:06.309256+05:30,2018-10-17 20:29:06.309256+05:30,t,NEXT-IN-WO015,"i5,8GB,500GB, Ubuntu 12.04",4DTKX52,2015-07-09 05:30:00+05:30,,,,,,,,432,441,421,2,7,422,1,1
336,2018-10-17 20:29:06.309256+05:30,2018-10-17 20:29:06.309256+05:30,t,NEXT-IN-WO016,"i5,8GB,500GB, Ubuntu 12.04",4DRLX52,2015-07-09 05:30:00+05:30,,,,,,,,432,441,421,2,7,422,1,1
337,2018-10-17 20:29:06.309256+05:30,2018-10-17 20:29:06.309256+05:30,t,NEXT-IN-WO040,"3.0Ghz Core Duo,8GB,Windows 7",DRCS72S,2016-01-15 05:30:00+05:30,,,,,,,,432,443,421,2,7,422,1,1
338,2018-10-17 20:29:06.309256+05:30,2018-10-17 20:29:06.309256+05:30,t,NEXT-IN-KE054,Keyboard,CN-0TH836447518720102,2016-01-15 05:30:00+05:30,,,,,,,,432,987,418,2,7,422,1,1
339,2018-10-17 20:29:06.309256+05:30,2018-10-17 20:29:06.309256+05:30,t,NEXT-IN-KE087,Keyboard,CN-0C645N-71616-61P-OB30,2016-01-08 05:30:00+05:30,,,,,,,,432,983,418,2,7,422,1,1
340,2018-10-17 20:29:06.309256+05:30,2018-10-17 20:29:06.309256+05:30,t,NEXT-IN-MU038,Mouse,LZ422J1077F,2016-01-15 05:30:00+05:30,,,,,,,,440,953,419,2,7,424,1,1
341,2018-10-17 20:29:06.309256+05:30,2018-10-17 20:29:06.309256+05:30,t,NEXT-IN-DO003,Wireless Dongle,,2015-08-01 05:30:00+05:30,,,,,,,,901,943,866,2,7,424,1,1
342,2018-10-17 20:29:06.309256+05:30,2018-10-17 20:29:06.309256+05:30,t,NEXT-IN-KE009,Keyboard,CN-04G481-71616-54F-0703-A00,2015-07-09 05:30:00+05:30,,,,,,,,432,458,418,2,7,424,1,1
343,2018-10-17 20:29:06.309256+05:30,2018-10-17 20:29:06.309256+05:30,t,NEXT-IN-MN020,22 inch HD Monitor,CN-0VJH96-74445-55M-353V,2016-01-08 05:30:00+05:30,,,,,,,,432,456,416,2,7,424,1,1
344,2018-10-17 20:29:06.309256+05:30,2018-10-17 20:29:06.309256+05:30,t,NEXT-IN-WO011,"i5,8GB,500GB, 8GB,Ubuntu 12.04",4F7KX52,2015-07-09 05:30:00+05:30,,,,,,,,432,441,421,2,7,424,1,1
345,2018-10-17 20:29:06.309256+05:30,2018-10-17 20:29:06.309256+05:30,t,NEXT-IN-MU093,Mouse,,2016-01-15 05:30:00+05:30,,,,,,,,433,955,419,2,7,424,1,1
346,2018-10-17 20:29:06.309256+05:30,2018-10-17 20:29:06.309256+05:30,t,NEXT-IN-KE016,Keyboard,CN-04G481-71616-54F-0830-A00,2015-07-09 05:30:00+05:30,,,,,,,,432,461,418,2,7,424,1,1
347,2018-10-17 20:29:06.309256+05:30,2018-10-17 20:29:06.309256+05:30,t,NEXT-IN-MN044,,CN-0WM497641807CJ313L,2016-01-15 05:30:00+05:30,,,,,,,,432,,416,2,7,424,1,1
348,2018-10-17 20:29:06.309256+05:30,2018-10-17 20:29:06.309256+05:30,t,NEXT-IN-WO039,i5-2400 3.10Gh,3FW3B2S,2016-01-15 05:30:00+05:30,,,,,,,,432,443,421,2,7,424,1,1
349,2018-10-17 20:29:06.309256+05:30,2018-10-17 20:29:06.309256+05:30,t,NEXT-IN-KE078,Keyboard,,2016-01-08 05:30:00+05:30,,,,,,,,432,979,418,2,7,424,1,1
350,2018-10-17 20:29:06.309256+05:30,2018-10-17 20:29:06.309256+05:30,t,NEXT-IN-MN052,,CN-0WM497641807CJ315L,2016-01-15 05:30:00+05:30,,,,,,,,432,,416,2,7,424,1,1
351,2018-10-17 20:29:06.309256+05:30,2018-10-17 20:29:06.309256+05:30,t,NEXT-IN-MU043,Mouse,F150209E,2016-01-08 05:30:00+05:30,,,,,,,,432,961,419,2,7,424,1,1
352,2018-10-17 20:29:06.309256+05:30,2018-10-17 20:29:06.309256+05:30,t,NEXT-IN-WO099,"I5 8GB RAM 320 GB HDD, Windows",741672S,2016-01-08 05:30:00+05:30,,,,,,,,432,972,421,2,7,424,1,1
353,2018-10-17 20:29:06.309256+05:30,2018-10-17 20:29:06.309256+05:30,t,NEXT-IN-WO054,i5-2400 3.10Gh,1KPV92S,2016-01-15 05:30:00+05:30,,,,,,,,432,444,421,2,7,423,1,1
354,2018-10-17 20:29:06.309256+05:30,2018-10-17 20:29:06.309256+05:30,t,NEXT-IN-WO056,i5-2400 3.10Gh,HKPV92S,2016-01-15 05:30:00+05:30,,,,,,,,432,444,421,2,7,423,1,1
355,2018-10-17 20:29:06.309256+05:30,2018-10-17 20:29:06.309256+05:30,t,NEXT-IN-WO058,i5-2400 3.10Gh,BS1Z92S,2016-01-15 05:30:00+05:30,,,,,,,,432,444,421,2,7,423,1,1
356,2018-10-17 20:29:06.309256+05:30,2018-10-17 20:29:06.309256+05:30,t,NEXT-IN-WO060,i5-2400 3.10Gh,3P5Z92S,2016-01-15 05:30:00+05:30,,,,,,,,432,444,421,2,7,423,1,1
357,2018-10-17 20:29:06.309256+05:30,2018-10-17 20:29:06.309256+05:30,t,NEXT-IN-WO061,i5-2400 3.10Gh,CP5Z92S,2016-01-15 05:30:00+05:30,,,,,,,,432,444,421,2,7,423,1,1
358,2018-10-17 20:29:06.309256+05:30,2018-10-17 20:29:06.309256+05:30,t,NEXT-IN-WO066,i5-2400 3.10Gh,9126B2S,2016-01-08 05:30:00+05:30,,,,,,,,432,444,421,2,7,423,1,1
359,2018-10-17 20:29:06.309256+05:30,2018-10-17 20:29:06.309256+05:30,t,NEXT-IN-WO077,"I5 8GB RAM 320 GB HDD, UBUNTU",C41672S,2016-01-08 05:30:00+05:30,,,,,,,,432,972,421,2,7,423,1,1
360,2018-10-17 20:29:06.309256+05:30,2018-10-17 20:29:06.309256+05:30,t,NEXT-IN-WO087,"I5 8GB RAM 160 GB HDD, Windows",5RY572S,2016-01-08 05:30:00+05:30,,,,,,,,432,972,421,2,7,423,1,1
361,2018-10-17 20:29:06.309256+05:30,2018-10-17 20:29:06.309256+05:30,t,NEXT-IN-WO088,"I5 8GB RAM 320 GB HDD, Windows",641672S,2016-01-08 05:30:00+05:30,,,,,,,,432,972,421,2,7,423,1,1
362,2018-10-17 20:29:06.309256+05:30,2018-10-17 20:29:06.309256+05:30,t,NEXT-IN-WO089,"I5 8GB RAM 160 GB HDD, Windows",GXY572S,2016-01-08 05:30:00+05:30,,,,,,,,432,972,421,2,7,423,1,1
363,2018-10-17 20:29:06.309256+05:30,2018-10-17 20:29:06.309256+05:30,t,NEXT-IN-WO093,"I5 8GB RAM 160 GB HDD, Windows",BYY572S,2016-01-08 05:30:00+05:30,,,,,,,,432,972,421,2,7,423,1,1
364,2018-10-17 20:29:06.309256+05:30,2018-10-17 20:29:06.309256+05:30,t,NEXT-IN-WO097,"I5 8GB RAM 160 GB HDD, Windows",55Y572S,2016-01-08 05:30:00+05:30,,,,,,,,432,972,421,2,7,423,1,1
365,2018-10-17 20:29:06.309256+05:30,2018-10-17 20:29:06.309256+05:30,t,NEXT-IN-WO098,"I5 8GB RAM 160 GB HDD, Windows",CG1672S,2016-01-08 05:30:00+05:30,,,,,,,,432,972,421,2,7,423,1,1
366,2018-10-17 20:29:06.309256+05:30,2018-10-17 20:29:06.309256+05:30,t,NEXT-IN-WO102,"I5 8GB RAM 160 GB HDD, Windows",7B1672S,2016-01-08 05:30:00+05:30,,,,,,,,432,972,421,2,7,423,1,1
367,2018-10-17 20:29:06.309256+05:30,2018-10-17 20:29:06.309256+05:30,t,NEXT-IN-WO103,"I5 8GB RAM 160 GB HDD, Windows",65Y572S,2016-01-08 05:30:00+05:30,,,,,,,,432,972,421,2,7,423,1,1
368,2018-10-17 20:29:06.309256+05:30,2018-10-17 20:29:06.309256+05:30,t,NEXT-IN-WO107,"I3 3GB RAM 120 GB HDD, Windows",23CPWQ1,2016-01-08 05:30:00+05:30,,,,,,,,432,942,421,2,7,423,1,1
369,2018-10-17 20:29:06.309256+05:30,2018-10-17 20:29:06.309256+05:30,t,NEXT-IN-LA002,"i7 2.0 Ghz, 12 GB, 750 GB Touch  - TP500L",EAN0WU47899844B,2016-01-15 05:30:00+05:30,,,,,,,,436,,434,2,7,422,1,1
370,2018-10-17 20:29:06.309256+05:30,2018-10-17 20:29:06.309256+05:30,t,NEXT-IN-TA010,27 inch Tablet,,2016-01-15 05:30:00+05:30,,,,,,,,,,885,2,7,422,1,1
371,2018-10-17 20:29:06.309256+05:30,2018-10-17 20:29:06.309256+05:30,t,NEXT-In-LA014,,,2016-01-15 05:30:00+05:30,,,,,,,,436,,434,2,7,422,1,1
372,2018-10-17 20:29:06.309256+05:30,2018-10-17 20:29:06.309256+05:30,t,NEXT-IN-KE073,Keyboard,CN-0DJ3317161686E0YHL,2016-01-08 05:30:00+05:30,,,,,,,,432,987,418,2,7,424,1,1
373,2018-10-17 20:29:06.309256+05:30,2018-10-17 20:29:06.309256+05:30,t,NEXT-IN-MN035,22 inch LCD Monitor,CN-0WM497641807CA288L,2016-01-08 05:30:00+05:30,,,,,,,,432,,416,2,7,424,1,1
374,2018-10-17 20:29:06.309256+05:30,2018-10-17 20:29:06.309256+05:30,t,NEXT-IN-WO057,"  i5-2400 3.10Gh,8Gb,320GB,Ubuntu 14.4",JQ1Z92S,2016-01-15 05:30:00+05:30,,,,,,,,432,444,421,2,7,424,1,1
375,2018-10-17 20:29:06.309256+05:30,2018-10-17 20:29:06.309256+05:30,t,NEXT-IN-KE076,Keyboard,DG7134728YRDPQWAL,2016-01-15 05:30:00+05:30,,,,,,,,435,921,418,2,7,424,1,1
376,2018-10-17 20:29:06.309256+05:30,2018-10-17 20:29:06.309256+05:30,t,NEXT-IN-MU079,Mouse,CC2144200Q6DNYPAF,2016-01-15 05:30:00+05:30,,,,,,,,435,920,419,2,7,424,1,1
377,2018-10-17 20:29:06.309256+05:30,2018-10-17 20:29:06.309256+05:30,t,NEXT-IN-WO075,"core 2 Duo Nvidia 256 Mb 4 Gb ram, 320 GB HDDOS Yosimite",YM9283PLOTF,2016-01-15 05:30:00+05:30,,,,,,,,435,940,421,2,7,424,1,1
378,2018-10-17 20:29:06.309256+05:30,2018-10-17 20:29:06.309256+05:30,t,NEXT-IN-KE040,Keyboard,B94690AVBT93T0,2016-01-15 05:30:00+05:30,,,,,,,,439,466,418,2,7,424,1,1
379,2018-10-17 20:29:06.309256+05:30,2018-10-17 20:29:06.309256+05:30,t,NEXT-IN-MN059,,CN-0WM497641807CJ31CL,2016-01-15 05:30:00+05:30,,,,,,,,432,,416,2,7,424,1,1
380,2018-10-17 20:29:06.309256+05:30,2018-10-17 20:29:06.309256+05:30,t,NEXT-IN-WO071,3.0Ghz Core Duo,D6ZQ72S,2016-01-08 05:30:00+05:30,,,,,,,,432,444,421,2,7,424,1,1
381,2018-10-17 20:29:06.309256+05:30,2018-10-17 20:29:06.309256+05:30,t,NEXT-IN-MU073,Mouse,FATSK0K5DZ83N1,2016-01-15 05:30:00+05:30,,,,,,,,439,966,419,2,7,424,1,1
382,2018-10-17 20:29:06.309256+05:30,2018-10-17 20:29:06.309256+05:30,t,NEXT-IN-WO095,"I5 8GB RAM 160 GB HDD, Windows",2YY572S,2016-01-08 05:30:00+05:30,,,,,,,,432,972,421,2,7,422,1,1
383,2018-10-17 20:29:06.309256+05:30,2018-10-17 20:29:06.309256+05:30,t,NEXT-IN-KE017,Keyboard,CN-0W350C-71616-91D-0E89,2016-01-15 05:30:00+05:30,,,,,,,,432,990,418,2,7,422,1,1
384,2018-10-17 20:29:06.309256+05:30,2018-10-17 20:29:06.309256+05:30,t,NEXT-IN-KE019,Keyboard,CN-0W350C-71616-91D-0E6F,2016-01-15 05:30:00+05:30,,,,,,,,432,989,418,2,7,422,1,1
385,2018-10-17 20:29:06.309256+05:30,2018-10-17 20:29:06.309256+05:30,t,NEXT-IN-KE023,Wireless Keyboard,4400426,2015-08-01 05:30:00+05:30,,,,,,,,433,463,418,2,7,422,1,1
386,2018-10-17 20:29:06.309256+05:30,2018-10-17 20:29:06.309256+05:30,t,NEXT-IN-KE024,Wireless Keyboard,4400412,2015-08-01 05:30:00+05:30,,,,,,,,433,463,418,2,7,422,1,1
387,2018-10-17 20:29:06.309256+05:30,2018-10-17 20:29:06.309256+05:30,t,NEXT-IN-KE025,Wireless Keyboard,4400762,2015-08-01 05:30:00+05:30,,,,,,,,433,463,418,2,7,422,1,1
388,2018-10-17 20:29:06.309256+05:30,2018-10-17 20:29:06.309256+05:30,t,NEXT-IN-KE033,Wireless Keyboard,150207612599,2015-08-01 05:30:00+05:30,,,,,,,,438,464,418,2,7,422,1,1
389,2018-10-17 20:29:06.309256+05:30,2018-10-17 20:29:06.309256+05:30,t,NEXT-IN-KE038,Keyboard,SK-2885B77B50ACPRT2WC,2016-01-15 05:30:00+05:30,,,,,,,,439,465,418,2,7,422,1,1
390,2018-10-17 20:29:06.309256+05:30,2018-10-17 20:29:06.309256+05:30,t,NEXT-IN-KE042,Keyboard,CN-0DJ3317161686E0YHJ,2016-01-15 05:30:00+05:30,,,,,,,,432,987,418,2,7,422,1,1
391,2018-10-17 20:29:06.309256+05:30,2018-10-17 20:29:06.309256+05:30,t,NEXT-IN-KE045,Keyboard,B94690ACPSW1WR,2016-01-15 05:30:00+05:30,,,,,,,,439,465,418,2,7,422,1,1
392,2018-10-17 20:29:06.309256+05:30,2018-10-17 20:29:06.309256+05:30,t,NEXT-IN-KE046,Keyboard,B94690ACPSW3ZI,2016-01-15 05:30:00+05:30,,,,,,,,439,465,418,2,7,422,1,1
393,2018-10-17 20:29:06.309256+05:30,2018-10-17 20:29:06.309256+05:30,t,NEXT-IN-KE048,Keyboard,B77B50ACPRK2JR,2016-01-15 05:30:00+05:30,,,,,,,,439,465,418,2,7,422,1,1
394,2018-10-17 20:29:06.309256+05:30,2018-10-17 20:29:06.309256+05:30,t,NEXT-IN-KE052,Keyboard,CN-0N242F6589088T019QA00,2016-01-15 05:30:00+05:30,,,,,,,,432,987,418,2,7,422,1,1
395,2018-10-17 20:29:06.309256+05:30,2018-10-17 20:29:06.309256+05:30,t,NEXT-IN-KE057,Keyboard,BC3880BVBUS0UE,2016-01-15 05:30:00+05:30,,,,,,,,439,466,418,2,7,422,1,1
396,2018-10-17 20:29:06.309256+05:30,2018-10-17 20:29:06.309256+05:30,t,NEXT-IN-KE064,Keyboard,MY0T347F716199CA2062A00,2016-01-15 05:30:00+05:30,,,,,,,,432,987,418,2,7,422,1,1
397,2018-10-17 20:29:06.309256+05:30,2018-10-17 20:29:06.309256+05:30,t,NEXT-IN-KE065,Keyboard,CN-0DJ3317161686E0W16,2016-01-08 05:30:00+05:30,,,,,,,,432,987,418,2,7,422,1,1
398,2018-10-17 20:29:06.309256+05:30,2018-10-17 20:29:06.309256+05:30,t,NEXT-IN-KE070,Keyboard,8200034053Y139UK,2016-01-15 05:30:00+05:30,,,,,,,,440,467,418,2,7,422,1,1
399,2018-10-17 20:29:06.309256+05:30,2018-10-17 20:29:06.309256+05:30,t,NEXT-IN-KE075,Keyboard,DG713472AHLDPQWA1,2016-01-15 05:30:00+05:30,,,,,,,,435,919,418,2,7,422,1,1
400,2018-10-17 20:29:06.309256+05:30,2018-10-17 20:29:06.309256+05:30,t,NEXT-IN-KE081,Keyboard,,2016-01-08 05:30:00+05:30,,,,,,,,432,984,418,2,7,422,1,1
401,2018-10-17 20:29:06.309256+05:30,2018-10-17 20:29:06.309256+05:30,t,NEXT-IN-KE089,Keyboard,SN-4414572,2016-01-08 05:30:00+05:30,,,,,,,,432,990,418,2,7,422,1,1
402,2018-10-17 20:29:06.309256+05:30,2018-10-17 20:29:06.309256+05:30,t,NEXT-IN-LA004,i7 8 GB 1 TB,,2016-01-15 05:30:00+05:30,,,,,,,,436,,434,2,7,422,1,1
403,2018-10-17 20:29:06.309256+05:30,2018-10-17 20:29:06.309256+05:30,t,NEXT-IN-MU008,Mouse,CN-011D3V-73826-53H-00BZ,2015-07-09 05:30:00+05:30,,,,,,,,432,468,419,2,7,422,1,1
404,2018-10-17 20:29:06.309256+05:30,2018-10-17 20:29:06.309256+05:30,t,NEXT-IN-MU009,Mouse,CN-011D3V-73826-53H-007F,2015-07-09 05:30:00+05:30,,,,,,,,432,468,419,2,7,422,1,1
405,2018-10-17 20:29:06.309256+05:30,2018-10-17 20:29:06.309256+05:30,t,NEXT-IN-MU010,Mouse,CN-011D3V-73826-53H-00D7,2015-07-09 05:30:00+05:30,,,,,,,,432,468,419,2,7,422,1,1
406,2018-10-17 20:29:06.309256+05:30,2018-10-17 20:29:06.309256+05:30,t,NEXT-IN-MU014,Mouse,CN-011D3V-71581-141-16NO,2015-07-09 05:30:00+05:30,,,,,,,,432,468,419,2,7,422,1,1
407,2018-10-17 20:29:06.309256+05:30,2018-10-17 20:29:06.309256+05:30,t,NEXT-IN-MU023,Wireless Mouse,4400426,2015-08-01 05:30:00+05:30,,,,,,,,433,470,419,2,7,422,1,1
408,2018-10-17 20:29:06.309256+05:30,2018-10-17 20:29:06.309256+05:30,t,NEXT-IN-MU032,Mouse,CN-09RRC7-48729-43R-0ET4,2016-01-08 05:30:00+05:30,,,,,,,,432,469,419,2,7,422,1,1
409,2018-10-17 20:29:06.309256+05:30,2018-10-17 20:29:06.309256+05:30,t,NEXT-IN-MU033,Mouse,3075545612599370000,2016-01-15 05:30:00+05:30,,,,,,,,438,471,419,2,7,422,1,1
410,2018-10-17 20:29:06.309256+05:30,2018-10-17 20:29:06.309256+05:30,t,NEXT-IN-MU050,Mouse,G1D00AVW,2016-01-08 05:30:00+05:30,,,,,,,,432,961,419,2,7,422,1,1
411,2018-10-17 20:29:06.309256+05:30,2018-10-17 20:29:06.309256+05:30,t,NEXT-IN-MU053,Mouse,CN-011D3V715811810ZBJ,2016-01-08 05:30:00+05:30,,,,,,,,432,961,419,2,7,422,1,1
412,2018-10-17 20:29:06.309256+05:30,2018-10-17 20:29:06.309256+05:30,t,NEXT-IN-MU065,Mouse,F6AB50C5BPP03Q8,2016-01-15 05:30:00+05:30,,,,,,,,439,969,419,2,7,422,1,1
413,2018-10-17 20:29:06.309256+05:30,2018-10-17 20:29:06.309256+05:30,t,NEXT-IN-MU067,Mouse,F73440BN3Q70H2J,2016-01-15 05:30:00+05:30,,,,,,,,439,957,419,2,7,422,1,1
414,2018-10-17 20:29:06.309256+05:30,2018-10-17 20:29:06.309256+05:30,t,NEXT-IN-MU071,Mouse,F0P01H1G,2016-01-15 05:30:00+05:30,,,,,,,,432,961,419,2,7,422,1,1
415,2018-10-17 20:29:06.309256+05:30,2018-10-17 20:29:06.309256+05:30,t,NEXT-IN-MU076,Mouse,LZ9360R000F,2016-01-15 05:30:00+05:30,,,,,,,,481,968,419,2,7,422,1,1
416,2018-10-17 20:29:06.309256+05:30,2018-10-17 20:29:06.309256+05:30,t,NEXT-IN-MU083,Mouse,MS111P,2016-01-15 05:30:00+05:30,,,,,,,,432,468,419,2,7,422,1,1
417,2018-10-17 20:29:06.309256+05:30,2018-10-17 20:29:06.309256+05:30,t,NEXT-IN-MU084,Mouse,MS111P,2016-01-15 05:30:00+05:30,,,,,,,,432,468,419,2,7,422,1,1
418,2018-10-17 20:29:06.309256+05:30,2018-10-17 20:29:06.309256+05:30,t,NEXT-IN-MU085,Mouse,MS111P,2016-01-15 05:30:00+05:30,,,,,,,,432,468,419,2,7,422,1,1
419,2018-10-17 20:29:06.309256+05:30,2018-10-17 20:29:06.309256+05:30,t,NEXT-IN-MU087,Mouse,CN-OX9DGC-71616-62D-OCYO,2016-01-15 05:30:00+05:30,,,,,,,,432,468,419,2,7,422,1,1
420,2018-10-17 20:29:06.309256+05:30,2018-10-17 20:29:06.309256+05:30,t,NEXT-IN-MU088,Mouse,CN-OX9DGC-71616-62D-O4RG,2016-01-15 05:30:00+05:30,,,,,,,,432,468,419,2,7,422,1,1
421,2018-10-17 20:29:06.309256+05:30,2018-10-17 20:29:06.309256+05:30,t,NEXT-IN-MU089,Mouse,CN- OX9DGC-71616-34F-P60C,2016-01-15 05:30:00+05:30,,,,,,,,432,468,419,2,7,422,1,1
422,2018-10-17 20:29:06.309256+05:30,2018-10-17 20:29:06.309256+05:30,t,NEXT-IN-MU102,Mouse,,2016-01-15 05:30:00+05:30,,,,,,,,439,950,419,2,7,422,1,1
423,2018-10-17 20:29:06.309256+05:30,2018-10-17 20:29:06.309256+05:30,t,NEXT-IN-WO024,"19"" i3 3.30Ghz,4 GB,500GB Ubuntu 14.04",S1FWL28,2015-08-01 05:30:00+05:30,,,,,,,,433,446,421,2,7,423,1,1
424,2018-10-17 20:29:06.309256+05:30,2018-10-17 20:29:06.309256+05:30,t,NEXT-IN-KE072,Keyboard,CN-0DJ3317161678H0P74,2016-01-08 05:30:00+05:30,,,,,,,,432,987,418,2,7,424,1,1
425,2018-10-17 20:29:06.309256+05:30,2018-10-17 20:29:06.309256+05:30,t,NEXT-IN-MN042,,CN-0WM497641807CJ326L,2016-01-15 05:30:00+05:30,,,,,,,,432,,416,2,7,424,1,1
426,2018-10-17 20:29:06.309256+05:30,2018-10-17 20:29:06.309256+05:30,t,NEXT-IN-WO096,"I5 8GB RAM 160 GB HDD, Windows",8YY572S,2016-01-08 05:30:00+05:30,,,,,,,,432,972,421,2,7,424,1,1
427,2018-10-17 20:29:06.309256+05:30,2018-10-17 20:29:06.309256+05:30,t,NEXT-IN-KE059,Keyboard,B94690AGAS101G,2016-01-15 05:30:00+05:30,,,,,,,,439,466,418,2,7,424,1,1
428,2018-10-17 20:29:06.309256+05:30,2018-10-17 20:29:06.309256+05:30,t,NEXT-IN-MN056,,CN-0WM497641807CA28DL,2016-01-15 05:30:00+05:30,,,,,,,,432,,416,2,7,424,1,1
429,2018-10-17 20:29:06.309256+05:30,2018-10-17 20:29:06.309256+05:30,t,NEXT-IN-WO094,"I5 8GB RAM 160 GB HDD, Ubuntu 14.4",6VY572S,2016-01-08 05:30:00+05:30,,,,,,,,432,972,421,2,7,424,1,1
430,2018-10-17 20:29:06.309256+05:30,2018-10-17 20:29:06.309256+05:30,t,NEXT-IN-MU060,Mouse,FATSK0KCWZ114N,2016-01-15 05:30:00+05:30,,,,,,,,439,966,419,2,7,424,1,1
431,2018-10-17 20:29:06.309256+05:30,2018-10-17 20:29:06.309256+05:30,t,NEXT-IN-PT001,Projector Dongle,,2016-01-15 05:30:00+05:30,,,,,,,,,,879,2,7,424,1,1
432,2018-10-17 20:29:06.309256+05:30,2018-10-17 20:29:06.309256+05:30,t,NEXT-IN-RE003,Projector Remote,,2016-01-15 05:30:00+05:30,,,,,,,,899,934,881,2,7,424,1,1
433,2018-10-17 20:29:06.309256+05:30,2018-10-17 20:29:06.309256+05:30,t,NEXT-IN-BL001,BladeCenter 14 x HS22 7870,Server,2016-01-15 05:30:00+05:30,,,,,,,,432,959,865,2,7,422,1,1
434,2018-10-17 20:29:06.309256+05:30,2018-10-17 20:29:06.309256+05:30,t,NEXT-IN-ST001,Compellent Xyrate,Storage,2016-01-15 05:30:00+05:30,,,,,,,,432,927,884,2,7,422,1,1
435,2018-10-17 20:29:06.309256+05:30,2018-10-17 20:29:06.309256+05:30,t,NEXT-IN-ST002,Compellent Xyrate,Storage,2016-01-15 05:30:00+05:30,,,,,,,,432,927,884,2,7,422,1,1
436,2018-10-17 20:29:06.309256+05:30,2018-10-17 20:29:06.309256+05:30,t,NEXT-IN-ST003,Compellent Xyrate,Storage,2016-01-15 05:30:00+05:30,,,,,,,,432,927,884,2,7,422,1,1
437,2018-10-17 20:29:06.309256+05:30,2018-10-17 20:29:06.309256+05:30,t,NEXT-IN-ST004,EqualLogic PS 3000,Storage,2016-01-15 05:30:00+05:30,,,,,,,,432,936,884,2,7,422,1,1
438,2018-10-17 20:29:06.309256+05:30,2018-10-17 20:29:06.309256+05:30,t,NEXT-IN-HA001,WS - Passport - 1 TB,WX61EC3CDAS5,2016-01-15 05:30:00+05:30,,,,,,,,910,,867,2,7,422,1,1
439,2018-10-17 20:29:06.309256+05:30,2018-10-17 20:29:06.309256+05:30,t,NEXT-IN-HE001,EV-2502SL,,2016-01-15 05:30:00+05:30,,,,,,,,892,,868,2,7,422,1,1
440,2018-10-17 20:29:06.309256+05:30,2018-10-17 20:29:06.309256+05:30,t,NEXT-IN-HE002,EV-2502SL,,2016-01-15 05:30:00+05:30,,,,,,,,892,937,868,2,7,422,1,1
441,2018-10-17 20:29:06.309256+05:30,2018-10-17 20:29:06.309256+05:30,t,NEXT-IN-HE003,EV-2502SL,,2016-01-15 05:30:00+05:30,,,,,,,,892,937,868,2,7,422,1,1
442,2018-10-17 20:29:06.309256+05:30,2018-10-17 20:29:06.309256+05:30,t,NEXT-IN-HE004,EV-2502SL,,2016-01-15 05:30:00+05:30,,,,,,,,892,937,868,2,7,422,1,1
443,2018-10-17 20:29:06.309256+05:30,2018-10-17 20:29:06.309256+05:30,t,NEXT-IN-HE005,EV-2502SL,,2016-01-15 05:30:00+05:30,,,,,,,,892,937,868,2,7,422,1,1
444,2018-10-17 20:29:06.309256+05:30,2018-10-17 20:29:06.309256+05:30,t,NEXT-IN-HE006,6h750mv,,2016-01-15 05:30:00+05:30,,,,,,,,895,918,868,2,7,422,1,1
445,2018-10-17 20:29:06.309256+05:30,2018-10-17 20:29:06.309256+05:30,t,NEXT-IN-LA006,"i5 2.60 Ghz, 4 GB, 500 GB",NB10953022,2016-01-15 05:30:00+05:30,,,,,,,,433,,434,2,7,422,1,1
446,2018-10-17 20:29:06.309256+05:30,2018-10-17 20:29:06.309256+05:30,t,NEXT-IN-LA008,,F1NOCV129601029,2016-01-15 05:30:00+05:30,,,,,,,,436,451,434,2,7,422,1,1
447,2018-10-17 20:29:06.309256+05:30,2018-10-17 20:29:06.309256+05:30,t,NEXT-IN-LA009,"Celeron 2.25Ghz, 4GB, 500 GB Win8.1",F1NOCV128755029,2016-01-15 05:30:00+05:30,,,,,,,,436,451,434,2,7,422,1,1
448,2018-10-17 20:29:06.309256+05:30,2018-10-17 20:29:06.309256+05:30,t,NEXT-IN-LT001,Laptop Bag ASUS,,2016-01-15 05:30:00+05:30,,,,,,,,436,,869,2,7,422,1,1
449,2018-10-17 20:29:06.309256+05:30,2018-10-17 20:29:06.309256+05:30,t,NEXT-IN-LT002,Laptop Bag ASUS,,2016-01-15 05:30:00+05:30,,,,,,,,436,,869,2,7,422,1,1
450,2018-10-17 20:29:06.309256+05:30,2018-10-17 20:29:06.309256+05:30,t,NEXT-IN-LT003,Laptop Bag ASUS,150207612599,2016-01-15 05:30:00+05:30,,,,,,,,436,,869,2,7,422,1,1
451,2018-10-17 20:29:06.309256+05:30,2018-10-17 20:29:06.309256+05:30,t,NEXT-IN-LP001,ASUS Charger,D3NOCV281950125,2016-01-15 05:30:00+05:30,,,,,,,,436,,870,2,7,422,1,1
452,2018-10-17 20:29:06.309256+05:30,2018-10-17 20:29:06.309256+05:30,t,NEXT-IN-LP002,ASUS Charger,AOP-65GDB,2016-01-15 05:30:00+05:30,,,,,,,,436,,870,2,7,422,1,1
453,2018-10-17 20:29:06.309256+05:30,2018-10-17 20:29:06.309256+05:30,t,NEXT-IN-LP003,ASUS Charger,,2016-01-15 05:30:00+05:30,,,,,,,,436,923,870,2,7,422,1,1
454,2018-10-17 20:29:06.309256+05:30,2018-10-17 20:29:06.309256+05:30,t,NEXT-IN-LP004,ASUS Charger,,2016-01-15 05:30:00+05:30,,,,,,,,436,,870,2,7,422,1,1
455,2018-10-17 20:29:06.309256+05:30,2018-10-17 20:29:06.309256+05:30,t,NEXT-IN-LP005,ASUS Charger,,2016-01-15 05:30:00+05:30,,,,,,,,436,924,870,2,7,422,1,1
456,2018-10-17 20:29:06.309256+05:30,2018-10-17 20:29:06.309256+05:30,t,NEXT-IN-LP006,Charger,,2016-01-15 05:30:00+05:30,,,,,,,,433,,870,2,7,422,1,1
457,2018-10-17 20:29:06.309256+05:30,2018-10-17 20:29:06.309256+05:30,t,NEXT-IN-LP007,,,2016-01-15 05:30:00+05:30,,,,,,,,436,973,870,2,7,422,1,1
458,2018-10-17 20:29:06.309256+05:30,2018-10-17 20:29:06.309256+05:30,t,NEXT-IN-LP008,,,2016-01-15 05:30:00+05:30,,,,,,,,436,,870,2,7,422,1,1
459,2018-10-17 20:29:06.309256+05:30,2018-10-17 20:29:06.309256+05:30,t,NEXT-IN-LP009,,,2016-01-15 05:30:00+05:30,,,,,,,,436,,870,2,7,422,1,1
460,2018-10-17 20:29:06.309256+05:30,2018-10-17 20:29:06.309256+05:30,t,NEXT-IN-LP010,ASUS Charger,51000441000183,2016-01-15 05:30:00+05:30,,,,,,,,436,925,870,2,7,422,1,1
461,2018-10-17 20:29:06.309256+05:30,2018-10-17 20:29:06.309256+05:30,t,NEXT-IN-LP011,ASUS Charger,48400520005050,2016-01-15 05:30:00+05:30,,,,,,,,436,924,870,2,7,422,1,1
462,2018-10-17 20:29:06.309256+05:30,2018-10-17 20:29:06.309256+05:30,t,NEXT-IN-LP012,ASUS Charger,,2016-01-15 05:30:00+05:30,,,,,,,,436,974,870,2,7,422,1,1
463,2018-10-17 20:29:06.309256+05:30,2018-10-17 20:29:06.309256+05:30,t,NEXT-IN-LP013,Lenova charger,,2016-01-15 05:30:00+05:30,,,,,,,,433,922,870,2,7,422,1,1
464,2018-10-17 20:29:06.309256+05:30,2018-10-17 20:29:06.309256+05:30,t,NEXT-IN-MO001,A370 Charger,,2016-01-15 05:30:00+05:30,,,,,,,,897,,871,2,7,422,1,1
465,2018-10-17 20:29:06.309256+05:30,2018-10-17 20:29:06.309256+05:30,t,NEXT-IN-MO002,A370 Charger,,2016-01-15 05:30:00+05:30,,,,,,,,897,,871,2,7,422,1,1
466,2018-10-17 20:29:06.309256+05:30,2018-10-17 20:29:06.309256+05:30,t,NEXT-IN-MO003,CP810 Charger,K18S090200C,2016-01-15 05:30:00+05:30,,,,,,,,897,,871,2,7,422,1,1
467,2018-10-17 20:29:06.309256+05:30,2018-10-17 20:29:06.309256+05:30,t,NEXT-IN-MO004,BigTAB Charger,ADS-652S1-19--3,2016-01-15 05:30:00+05:30,,,,,,,,893,912,871,2,7,422,1,1
468,2018-10-17 20:29:06.309256+05:30,2018-10-17 20:29:06.309256+05:30,t,NEXT-IN-MO005,BigTAB Charger,,2016-01-15 05:30:00+05:30,,,,,,,,893,956,871,2,7,422,1,1
469,2018-10-17 20:29:06.309256+05:30,2018-10-17 20:29:06.309256+05:30,t,NEXT-IN-MU006,Mouse,CN-011D3V-73826-51Q-1CHJ,2016-01-15 05:30:00+05:30,,,,,,,,433,468,419,2,7,422,1,1
470,2018-10-17 20:29:06.309256+05:30,2018-10-17 20:29:06.309256+05:30,t,NEXT-IN-PR001,,CN48D1317X,2016-01-15 05:30:00+05:30,,,,,,,,439,915,874,2,7,422,1,1
471,2018-10-17 20:29:06.309256+05:30,2018-10-17 20:29:06.309256+05:30,t,NEXT-IN-PR002,,E72405G4F440452,2016-01-15 05:30:00+05:30,,,,,,,,894,,874,2,7,422,1,1
472,2018-10-17 20:29:06.309256+05:30,2018-10-17 20:29:06.309256+05:30,t,NEXT-IN-PR003,,,2016-01-15 05:30:00+05:30,,,,,,,,899,951,874,2,7,422,1,1
473,2018-10-17 20:29:06.309256+05:30,2018-10-17 20:29:06.309256+05:30,t,NEXT-IN-PR004,Office jet pro X451 dw,,2016-01-15 05:30:00+05:30,,,,,,,,439,999,874,2,7,422,1,1
474,2018-10-17 20:29:06.309256+05:30,2018-10-17 20:29:06.309256+05:30,t,Next-in-RA001,Dell PowerEdge R710,Server,2016-01-15 05:30:00+05:30,,,,,,,,432,,880,2,7,422,1,1
475,2018-10-17 20:29:06.309256+05:30,2018-10-17 20:29:06.309256+05:30,t,Next-in-RA010,Dell PowerEdge R710,Server,2016-01-15 05:30:00+05:30,,,,,,,,432,,880,2,7,422,1,1
476,2018-10-17 20:29:06.309256+05:30,2018-10-17 20:29:06.309256+05:30,t,Next-in-RA002,Dell PowerEdge R710,Server,2016-01-15 05:30:00+05:30,,,,,,,,432,,880,2,7,422,1,1
477,2018-10-17 20:29:06.309256+05:30,2018-10-17 20:29:06.309256+05:30,t,Next-in-RA003,Dell PowerEdge R710,Server,2016-01-15 05:30:00+05:30,,,,,,,,432,,880,2,7,422,1,1
478,2018-10-17 20:29:06.309256+05:30,2018-10-17 20:29:06.309256+05:30,t,Next-in-RA004,Dell PowerEdge R710,Server,2016-01-15 05:30:00+05:30,,,,,,,,432,,880,2,7,422,1,1
479,2018-10-17 20:29:06.309256+05:30,2018-10-17 20:29:06.309256+05:30,t,Next-in-RA005,Dell PowerEdge R710,Server,2016-01-15 05:30:00+05:30,,,,,,,,432,,880,2,7,422,1,1
480,2018-10-17 20:29:06.309256+05:30,2018-10-17 20:29:06.309256+05:30,t,Next-in-RA006,Dell PowerEdge R710,Server,2016-01-15 05:30:00+05:30,,,,,,,,432,,880,2,7,422,1,1
481,2018-10-17 20:29:06.309256+05:30,2018-10-17 20:29:06.309256+05:30,t,Next-in-RA007,Dell PowerEdge R710,Server,2016-01-15 05:30:00+05:30,,,,,,,,900,,880,2,7,422,1,1
482,2018-10-17 20:29:06.309256+05:30,2018-10-17 20:29:06.309256+05:30,t,Next-in-RA008,Dell PowerEdge R710,Server,2016-01-15 05:30:00+05:30,,,,,,,,432,,880,2,7,422,1,1
483,2018-10-17 20:29:06.309256+05:30,2018-10-17 20:29:06.309256+05:30,t,Next-in-RA009,Dell PowerEdge R710,Server,2016-01-15 05:30:00+05:30,,,,,,,,432,,880,2,7,422,1,1
484,2018-10-17 20:29:06.309256+05:30,2018-10-17 20:29:06.309256+05:30,t,NEXT-IN-SE001,IBM x3550,Pfsense,2016-01-15 05:30:00+05:30,,,,,,,,900,,882,2,7,422,1,1
485,2018-10-17 20:29:06.309256+05:30,2018-10-17 20:29:06.309256+05:30,t,NEXT-IN-SE002,IBM x3550,Pfsense,2016-01-15 05:30:00+05:30,,,,,,,,900,,882,2,7,422,1,1
486,2018-10-17 20:29:06.309256+05:30,2018-10-17 20:29:06.309256+05:30,t,NEXT-IN-UP001,,E21503000775,2016-01-15 05:30:00+05:30,,,,,,,,891,917,886,2,7,422,1,1
487,2018-10-17 20:29:06.309256+05:30,2018-10-17 20:29:06.309256+05:30,t,NEXT-IN-VO004,Gigabit 48 Port Switch,,2016-01-15 05:30:00+05:30,,,,,,,,896,926,887,2,7,422,1,1
488,2018-10-17 20:29:06.309256+05:30,2018-10-17 20:29:06.309256+05:30,t,NEXT-IN-WR005,,,2016-01-15 05:30:00+05:30,,,,,,,,902,939,889,2,7,422,1,1
489,2018-10-17 20:29:06.309256+05:30,2018-10-17 20:29:06.309256+05:30,t,Next-in-SI001,M254-000463,GM Room,2016-01-15 05:30:00+05:30,,,,,,,,903,993,883,2,7,422,1,1
490,2018-10-17 20:29:06.309256+05:30,2018-10-17 20:29:06.309256+05:30,t,Next-in-SI002,M254-000463,BG Room,2016-01-15 05:30:00+05:30,,,,,,,,903,993,883,2,7,422,1,1
