id,created_date,modified_date,is_active,skillset_applicable,skillset_depts,created_by_id,modified_by_id,skillset_competency_id_id,skillset_role_id,skillset_skill_level_refitem_id
1,2018-10-25 11:54:40.475778+05:30,2018-10-25 11:54:40.475839+05:30,t,t,"{2,5,6,7,8,9,10}",1,1,856,2,209
2,2018-10-25 11:54:40.542457+05:30,2018-10-25 11:54:40.542517+05:30,t,t,"{2,5,6,7,8,9,10}",1,1,857,2,209
3,2018-10-25 11:54:40.550663+05:30,2018-10-25 11:54:40.550717+05:30,t,t,"{2,5,6,7,8,9,10}",1,1,858,2,209
4,2018-10-25 11:54:40.559189+05:30,2018-10-25 11:54:40.559248+05:30,t,t,"{5,9}",1,1,1034,2,209
5,2018-10-25 11:54:40.559189+05:30,2018-10-25 11:54:40.559248+05:30,t,t,{9},1,1,863,2,209
6,2018-10-25 11:54:40.559189+05:30,2018-10-25 11:54:40.559248+05:30,t,t,"{5,9}",1,1,1035,2,209
7,2018-10-25 11:54:40.559189+05:30,2018-10-25 11:54:40.559248+05:30,t,t,"{5,9}",1,1,1036,2,209
8,2018-10-25 11:54:40.559189+05:30,2018-10-25 11:54:40.559248+05:30,t,t,"{5,9}",1,1,1037,2,209
9,2018-10-25 11:54:40.559189+05:30,2018-10-25 11:54:40.559248+05:30,t,t,"{5,9}",1,1,1038,2,209
10,2018-10-25 11:54:40.559189+05:30,2018-10-25 11:54:40.559248+05:30,t,t,"{5,9}",1,1,1039,2,209
11,2018-10-25 11:54:40.559189+05:30,2018-10-25 11:54:40.559248+05:30,t,t,{9},1,1,1040,2,209
12,2018-10-25 11:54:40.559189+05:30,2018-10-25 11:54:40.559248+05:30,t,t,{9},1,1,1041,2,209
13,2018-10-25 11:54:40.559189+05:30,2018-10-25 11:54:40.559248+05:30,t,t,{9},1,1,1042,2,209
14,2018-10-25 11:54:40.559189+05:30,2018-10-25 11:54:40.559248+05:30,t,t,{9},1,1,1043,2,209
15,2018-10-25 11:54:40.559189+05:30,2018-10-25 11:54:40.559248+05:30,t,t,"{5,9,2}",1,1,1044,2,209
16,2018-10-25 11:54:40.559189+05:30,2018-10-25 11:54:40.559248+05:30,t,t,{9},1,1,1045,2,209
17,2018-10-25 11:54:40.559189+05:30,2018-10-25 11:54:40.559248+05:30,t,t,"{5,9}",1,1,1046,2,209
18,2018-10-25 11:54:40.559189+05:30,2018-10-25 11:54:40.559248+05:30,t,t,"{2,5,6,7,8,9,10}",1,1,1047,2,209
19,2018-10-25 11:54:40.559189+05:30,2018-10-25 11:54:40.559248+05:30,t,t,"{5,9,2}",1,1,1048,2,209
20,2018-10-25 11:54:40.559189+05:30,2018-10-25 11:54:40.559248+05:30,t,t,{9},1,1,1049,2,209
21,2018-10-25 11:54:40.559189+05:30,2018-10-25 11:54:40.559248+05:30,t,t,{9},1,1,1050,2,209
22,2018-10-25 11:54:40.559189+05:30,2018-10-25 11:54:40.559248+05:30,t,t,"{2,5}",1,1,1051,2,209
23,2018-10-25 11:54:40.559189+05:30,2018-10-25 11:54:40.559248+05:30,t,t,{5},1,1,1052,2,209
24,2018-10-25 11:54:40.559189+05:30,2018-10-25 11:54:40.559248+05:30,t,t,"{2,5}",1,1,1053,2,209
25,2018-10-25 11:54:40.559189+05:30,2018-10-25 11:54:40.559248+05:30,t,t,{5},1,1,1054,2,209
26,2018-10-25 11:54:40.559189+05:30,2018-10-25 11:54:40.559248+05:30,t,t,{5},1,1,1055,2,209
27,2018-10-25 11:54:40.559189+05:30,2018-10-25 11:54:40.559248+05:30,t,t,{5},1,1,1056,2,209
28,2018-10-25 11:54:40.559189+05:30,2018-10-25 11:54:40.559248+05:30,t,t,"{5,9}",1,1,1057,2,209
29,2018-10-25 11:54:40.559189+05:30,2018-10-25 11:54:40.559248+05:30,t,t,{5},1,1,1058,2,209
30,2018-10-25 11:54:40.559189+05:30,2018-10-25 11:54:40.559248+05:30,t,t,{5},1,1,1059,2,209
31,2018-10-25 11:54:40.559189+05:30,2018-10-25 11:54:40.559248+05:30,t,t,{5},1,1,1060,2,209
32,2018-10-25 11:54:40.559189+05:30,2018-10-25 11:54:40.559248+05:30,t,t,{5},1,1,1061,2,209
33,2018-10-25 11:54:40.559189+05:30,2018-10-25 11:54:40.559248+05:30,t,t,{5},1,1,1062,2,209
34,2018-10-25 11:54:40.559189+05:30,2018-10-25 11:54:40.559248+05:30,t,t,{5},1,1,1063,2,209
35,2018-10-25 11:54:40.559189+05:30,2018-10-25 11:54:40.559248+05:30,t,t,{5},1,1,1064,2,209
36,2018-10-25 11:54:40.559189+05:30,2018-10-25 11:54:40.559248+05:30,t,t,{5},1,1,1065,2,209
37,2018-10-25 11:54:40.559189+05:30,2018-10-25 11:54:40.559248+05:30,t,t,{5},1,1,1066,2,209
38,2018-10-25 11:54:40.559189+05:30,2018-10-25 11:54:40.559248+05:30,t,t,{2},1,1,1067,2,209
39,2018-10-25 11:54:40.559189+05:30,2018-10-25 11:54:40.559248+05:30,t,t,{2},1,1,1068,2,209
40,2018-10-25 11:54:40.559189+05:30,2018-10-25 11:54:40.559248+05:30,t,t,{6},1,1,1069,2,209
41,2018-10-25 11:54:40.559189+05:30,2018-10-25 11:54:40.559248+05:30,t,t,{6},1,1,1070,2,209
42,2018-10-25 11:54:40.559189+05:30,2018-10-25 11:54:40.559248+05:30,t,t,{6},1,1,1071,2,209
43,2018-10-25 11:54:40.559189+05:30,2018-10-25 11:54:40.559248+05:30,t,t,{6},1,1,1072,2,209
44,2018-10-25 11:54:40.559189+05:30,2018-10-25 11:54:40.559248+05:30,t,t,{6},1,1,1073,2,209
45,2018-10-25 11:54:40.559189+05:30,2018-10-25 11:54:40.559248+05:30,t,t,{6},1,1,1074,2,209
46,2018-10-25 11:54:40.559189+05:30,2018-10-25 11:54:40.559248+05:30,t,t,{6},1,1,1075,2,209
47,2018-10-25 11:54:40.559189+05:30,2018-10-25 11:54:40.559248+05:30,t,t,{6},1,1,1076,2,209
48,2018-10-25 11:54:40.559189+05:30,2018-10-25 11:54:40.559248+05:30,t,t,{6},1,1,1077,2,209
49,2018-10-25 11:54:40.559189+05:30,2018-10-25 11:54:40.559248+05:30,t,t,"{2,5,6,7,8,9,10}",1,1,832,2,209
50,2018-10-25 11:54:40.559189+05:30,2018-10-25 11:54:40.559248+05:30,t,t,"{2,5,6,7,8,9,10}",1,1,829,2,209
51,2018-10-25 11:54:40.559189+05:30,2018-10-25 11:54:40.559248+05:30,t,t,"{2,5,6,7,8,9,10}",1,1,199,2,209
52,2018-10-25 11:54:40.559189+05:30,2018-10-25 11:54:40.559248+05:30,t,t,"{2,5,6,7,8,9,10}",1,1,835,2,209
53,2018-10-25 11:54:40.559189+05:30,2018-10-25 11:54:40.559248+05:30,t,t,"{2,5,6,7,8,9,10}",1,1,831,2,209
54,2018-10-25 11:54:40.559189+05:30,2018-10-25 11:54:40.559248+05:30,t,t,"{2,5,6,7,8,9,10}",1,1,834,2,209
55,2018-10-25 11:54:40.559189+05:30,2018-10-25 11:54:40.559248+05:30,t,t,"{2,5,6,7,8,9,10}",1,1,167,2,209
56,2018-10-25 11:54:40.559189+05:30,2018-10-25 11:54:40.559248+05:30,t,t,"{2,5,6,7,8,9,10}",1,1,168,2,209
57,2018-10-25 11:54:40.559189+05:30,2018-10-25 11:54:40.559248+05:30,t,t,"{2,5,6,7,8,9,10}",1,1,169,2,209
58,2018-10-25 11:54:40.559189+05:30,2018-10-25 11:54:40.559248+05:30,t,t,"{2,5,6,7,8,9,10}",1,1,170,2,209
59,2018-10-25 11:54:40.559189+05:30,2018-10-25 11:54:40.559248+05:30,t,t,"{2,5,6,7,8,9,10}",1,1,827,2,209
60,2018-10-25 11:54:40.559189+05:30,2018-10-25 11:54:40.559248+05:30,t,t,"{2,5,6,7,8,9,10}",1,1,1078,2,209
61,2018-10-25 11:54:40.559189+05:30,2018-10-25 11:54:40.559248+05:30,t,t,"{2,5,6,7,8,9,10}",1,1,1079,2,209
62,2018-10-25 11:54:40.559189+05:30,2018-10-25 11:54:40.559248+05:30,t,t,"{2,5,6,7,8,9,10}",1,1,859,2,209
63,2018-10-25 11:54:40.559189+05:30,2018-10-25 11:54:40.559248+05:30,t,t,"{2,5,6,7,8,9,10}",1,1,826,2,209
64,2018-10-25 11:54:40.559189+05:30,2018-10-25 11:54:40.559248+05:30,t,t,"{2,5,6,7,8,9,10}",1,1,833,2,209
65,2018-10-25 11:54:40.559189+05:30,2018-10-25 11:54:40.559248+05:30,t,t,{9},1,1,856,3,209
66,2018-10-25 11:54:40.559189+05:30,2018-10-25 11:54:40.559248+05:30,t,t,{9},1,1,857,3,209
67,2018-10-25 11:54:40.559189+05:30,2018-10-25 11:54:40.559248+05:30,t,t,{9},1,1,858,3,209
68,2018-10-25 11:54:40.559189+05:30,2018-10-25 11:54:40.559248+05:30,t,t,{9},1,1,1034,3,209
69,2018-10-25 11:54:40.559189+05:30,2018-10-25 11:54:40.559248+05:30,t,t,{9},1,1,1035,3,209
70,2018-10-25 11:54:40.559189+05:30,2018-10-25 11:54:40.559248+05:30,t,t,{9},1,1,1036,3,209
71,2018-10-25 11:54:40.559189+05:30,2018-10-25 11:54:40.559248+05:30,t,t,{9},1,1,1037,3,209
72,2018-10-25 11:54:40.559189+05:30,2018-10-25 11:54:40.559248+05:30,t,t,{9},1,1,1038,3,209
73,2018-10-25 11:54:40.559189+05:30,2018-10-25 11:54:40.559248+05:30,t,t,{9},1,1,1039,3,209
74,2018-10-25 11:54:40.559189+05:30,2018-10-25 11:54:40.559248+05:30,t,t,{9},1,1,1041,3,209
75,2018-10-25 11:54:40.559189+05:30,2018-10-25 11:54:40.559248+05:30,t,t,{9},1,1,1043,3,209
76,2018-10-25 11:54:40.559189+05:30,2018-10-25 11:54:40.559248+05:30,t,t,{9},1,1,1044,3,209
77,2018-10-25 11:54:40.559189+05:30,2018-10-25 11:54:40.559248+05:30,t,t,"{2,5,6,7,8,9,10}",1,1,832,3,209
78,2018-10-25 11:54:40.559189+05:30,2018-10-25 11:54:40.559248+05:30,t,t,"{2,5,6,7,8,9,10}",1,1,829,3,209
79,2018-10-25 11:54:40.559189+05:30,2018-10-25 11:54:40.559248+05:30,t,t,"{2,5,6,7,8,9,10}",1,1,199,3,209
80,2018-10-25 11:54:40.559189+05:30,2018-10-25 11:54:40.559248+05:30,t,t,"{2,5,6,7,8,9,10}",1,1,835,3,209
81,2018-10-25 11:54:40.559189+05:30,2018-10-25 11:54:40.559248+05:30,t,t,"{2,5,6,7,8,9,10}",1,1,831,3,209
82,2018-10-25 11:54:40.559189+05:30,2018-10-25 11:54:40.559248+05:30,t,t,"{2,5,6,7,8,9,10}",1,1,834,3,209
83,2018-10-25 11:54:40.559189+05:30,2018-10-25 11:54:40.559248+05:30,t,t,"{2,5,6,7,8,9,10}",1,1,167,3,209
84,2018-10-25 11:54:40.559189+05:30,2018-10-25 11:54:40.559248+05:30,t,t,"{2,5,6,7,8,9,10}",1,1,168,3,209
85,2018-10-25 11:54:40.559189+05:30,2018-10-25 11:54:40.559248+05:30,t,t,"{2,5,6,7,8,9,10}",1,1,169,3,209
86,2018-10-25 11:54:40.559189+05:30,2018-10-25 11:54:40.559248+05:30,t,t,"{2,5,6,7,8,9,10}",1,1,170,3,209
87,2018-10-25 11:54:40.559189+05:30,2018-10-25 11:54:40.559248+05:30,t,t,"{2,5,6,7,8,9,10}",1,1,827,3,209
88,2018-10-25 11:54:40.559189+05:30,2018-10-25 11:54:40.559248+05:30,t,t,"{2,5,6,7,8,9,10}",1,1,1078,3,209
89,2018-10-25 11:54:40.559189+05:30,2018-10-25 11:54:40.559248+05:30,t,t,"{2,5,6,7,8,9,10}",1,1,1079,3,209
90,2018-10-25 11:54:40.559189+05:30,2018-10-25 11:54:40.559248+05:30,t,t,"{2,5,6,7,8,9,10}",1,1,859,3,209
91,2018-10-25 11:54:40.559189+05:30,2018-10-25 11:54:40.559248+05:30,t,t,"{2,5,6,7,8,9,10}",1,1,826,3,209
92,2018-10-25 11:54:40.559189+05:30,2018-10-25 11:54:40.559248+05:30,t,t,"{2,5,6,7,8,9,10}",1,1,833,3,209
93,2018-10-25 11:54:40.559189+05:30,2018-10-25 11:54:40.559248+05:30,t,t,"{2,5,6,7,8,9,10}",1,1,856,4,210
94,2018-10-25 11:54:40.559189+05:30,2018-10-25 11:54:40.559248+05:30,t,t,"{2,5,6,7,8,9,10}",1,1,857,4,210
95,2018-10-25 11:54:40.559189+05:30,2018-10-25 11:54:40.559248+05:30,t,t,"{2,5,6,7,8,9,10}",1,1,858,4,210
96,2018-10-25 11:54:40.559189+05:30,2018-10-25 11:54:40.559248+05:30,t,t,"{2,5,6,7,8,9,10}",1,1,832,4,210
97,2018-10-25 11:54:40.559189+05:30,2018-10-25 11:54:40.559248+05:30,t,t,"{2,5,6,7,8,9,10}",1,1,829,4,210
98,2018-10-25 11:54:40.559189+05:30,2018-10-25 11:54:40.559248+05:30,t,t,"{2,5,6,7,8,9,10}",1,1,199,4,210
99,2018-10-25 11:54:40.559189+05:30,2018-10-25 11:54:40.559248+05:30,t,t,"{2,5,6,7,8,9,10}",1,1,835,4,210
100,2018-10-25 11:54:40.559189+05:30,2018-10-25 11:54:40.559248+05:30,t,t,"{2,5,6,7,8,9,10}",1,1,831,4,210
101,2018-10-25 11:54:40.559189+05:30,2018-10-25 11:54:40.559248+05:30,t,t,"{2,5,6,7,8,9,10}",1,1,834,4,210
102,2018-10-25 11:54:40.559189+05:30,2018-10-25 11:54:40.559248+05:30,t,t,"{2,5,6,7,8,9,10}",1,1,167,4,210
103,2018-10-25 11:54:40.559189+05:30,2018-10-25 11:54:40.559248+05:30,t,t,"{2,5,6,7,8,9,10}",1,1,168,4,210
104,2018-10-25 11:54:40.559189+05:30,2018-10-25 11:54:40.559248+05:30,t,t,"{2,5,6,7,8,9,10}",1,1,169,4,210
105,2018-10-25 11:54:40.559189+05:30,2018-10-25 11:54:40.559248+05:30,t,t,"{2,5,6,7,8,9,10}",1,1,170,4,210
106,2018-10-25 11:54:40.559189+05:30,2018-10-25 11:54:40.559248+05:30,t,t,"{2,5,6,7,8,9,10}",1,1,827,4,210
107,2018-10-25 11:54:40.559189+05:30,2018-10-25 11:54:40.559248+05:30,t,t,"{2,5,6,7,8,9,10}",1,1,1078,4,210
108,2018-10-25 11:54:40.559189+05:30,2018-10-25 11:54:40.559248+05:30,t,t,"{2,5,6,7,8,9,10}",1,1,1079,4,210
109,2018-10-25 11:54:40.559189+05:30,2018-10-25 11:54:40.559248+05:30,t,t,"{2,5,6,7,8,9,10}",1,1,859,4,210
110,2018-10-25 11:54:40.559189+05:30,2018-10-25 11:54:40.559248+05:30,t,t,"{2,5,6,7,8,9,10}",1,1,826,4,210
111,2018-10-25 11:54:40.559189+05:30,2018-10-25 11:54:40.559248+05:30,t,t,"{2,5,6,7,8,9,10}",1,1,833,4,210
112,2018-10-25 11:54:40.559189+05:30,2018-10-25 11:54:40.559248+05:30,t,t,"{2,5,6,7,8,9,10}",1,1,828,4,210
113,2018-10-25 11:54:40.559189+05:30,2018-10-25 11:54:40.559248+05:30,t,t,{7},1,1,815,5,209
114,2018-10-25 11:54:40.559189+05:30,2018-10-25 11:54:40.559248+05:30,t,t,{7},1,1,816,5,209
115,2018-10-25 11:54:40.559189+05:30,2018-10-25 11:54:40.559248+05:30,t,t,{7},1,1,856,5,209
116,2018-10-25 11:54:40.559189+05:30,2018-10-25 11:54:40.559248+05:30,t,t,{7},1,1,857,5,209
117,2018-10-25 11:54:40.559189+05:30,2018-10-25 11:54:40.559248+05:30,t,t,{7},1,1,858,5,209
118,2018-10-25 11:54:40.559189+05:30,2018-10-25 11:54:40.559248+05:30,t,t,{7},1,1,1057,5,209
119,2018-10-25 11:54:40.559189+05:30,2018-10-25 11:54:40.559248+05:30,t,t,{7},1,1,1080,5,209
120,2018-10-25 11:54:40.559189+05:30,2018-10-25 11:54:40.559248+05:30,t,t,{7},1,1,1081,5,209
121,2018-10-25 11:54:40.559189+05:30,2018-10-25 11:54:40.559248+05:30,t,t,{7},1,1,1082,5,209
122,2018-10-25 11:54:40.559189+05:30,2018-10-25 11:54:40.559248+05:30,t,t,{7},1,1,1083,5,209
123,2018-10-25 11:54:40.559189+05:30,2018-10-25 11:54:40.559248+05:30,t,t,{7},1,1,1084,5,209
124,2018-10-25 11:54:40.559189+05:30,2018-10-25 11:54:40.559248+05:30,t,t,{7},1,1,832,5,209
125,2018-10-25 11:54:40.559189+05:30,2018-10-25 11:54:40.559248+05:30,t,t,{7},1,1,829,5,209
126,2018-10-25 11:54:40.559189+05:30,2018-10-25 11:54:40.559248+05:30,t,t,{7},1,1,199,5,209
127,2018-10-25 11:54:40.559189+05:30,2018-10-25 11:54:40.559248+05:30,t,t,{7},1,1,835,5,209
128,2018-10-25 11:54:40.559189+05:30,2018-10-25 11:54:40.559248+05:30,t,t,{7},1,1,831,5,209
129,2018-10-25 11:54:40.559189+05:30,2018-10-25 11:54:40.559248+05:30,t,t,{7},1,1,834,5,209
130,2018-10-25 11:54:40.559189+05:30,2018-10-25 11:54:40.559248+05:30,t,t,{7},1,1,167,5,209
131,2018-10-25 11:54:40.559189+05:30,2018-10-25 11:54:40.559248+05:30,t,t,{7},1,1,168,5,209
132,2018-10-25 11:54:40.559189+05:30,2018-10-25 11:54:40.559248+05:30,t,t,{7},1,1,169,5,209
133,2018-10-25 11:54:40.559189+05:30,2018-10-25 11:54:40.559248+05:30,t,t,{7},1,1,170,5,209
134,2018-10-25 11:54:40.559189+05:30,2018-10-25 11:54:40.559248+05:30,t,t,{7},1,1,827,5,209
135,2018-10-25 11:54:40.559189+05:30,2018-10-25 11:54:40.559248+05:30,t,t,{7},1,1,1078,5,209
136,2018-10-25 11:54:40.559189+05:30,2018-10-25 11:54:40.559248+05:30,t,t,{7},1,1,1079,5,209
137,2018-10-25 11:54:40.559189+05:30,2018-10-25 11:54:40.559248+05:30,t,t,{7},1,1,859,5,209
138,2018-10-25 11:54:40.559189+05:30,2018-10-25 11:54:40.559248+05:30,t,t,{7},1,1,826,5,209
139,2018-10-25 11:54:40.559189+05:30,2018-10-25 11:54:40.559248+05:30,t,t,{7},1,1,833,5,209
140,2018-10-25 11:54:40.559189+05:30,2018-10-25 11:54:40.559248+05:30,t,t,{7},1,1,817,6,209
141,2018-10-25 11:54:40.559189+05:30,2018-10-25 11:54:40.559248+05:30,t,t,{7},1,1,1080,6,209
142,2018-10-25 11:54:40.559189+05:30,2018-10-25 11:54:40.559248+05:30,t,t,{7},1,1,856,6,209
143,2018-10-25 11:54:40.559189+05:30,2018-10-25 11:54:40.559248+05:30,t,t,{7},1,1,857,6,209
144,2018-10-25 11:54:40.559189+05:30,2018-10-25 11:54:40.559248+05:30,t,t,{7},1,1,858,6,209
145,2018-10-25 11:54:40.559189+05:30,2018-10-25 11:54:40.559248+05:30,t,t,{7},1,1,1057,6,209
146,2018-10-25 11:54:40.559189+05:30,2018-10-25 11:54:40.559248+05:30,t,t,{7},1,1,1081,6,209
147,2018-10-25 11:54:40.559189+05:30,2018-10-25 11:54:40.559248+05:30,t,t,{7},1,1,1082,6,209
148,2018-10-25 11:54:40.559189+05:30,2018-10-25 11:54:40.559248+05:30,t,t,{7},1,1,1083,6,209
149,2018-10-25 11:54:40.559189+05:30,2018-10-25 11:54:40.559248+05:30,t,t,{7},1,1,1084,6,209
150,2018-10-25 11:54:40.559189+05:30,2018-10-25 11:54:40.559248+05:30,t,t,{7},1,1,1085,6,209
151,2018-10-25 11:54:40.559189+05:30,2018-10-25 11:54:40.559248+05:30,t,t,{7},1,1,832,6,209
152,2018-10-25 11:54:40.559189+05:30,2018-10-25 11:54:40.559248+05:30,t,t,{7},1,1,829,6,209
153,2018-10-25 11:54:40.559189+05:30,2018-10-25 11:54:40.559248+05:30,t,t,{7},1,1,199,6,209
154,2018-10-25 11:54:40.559189+05:30,2018-10-25 11:54:40.559248+05:30,t,t,{7},1,1,835,6,209
155,2018-10-25 11:54:40.559189+05:30,2018-10-25 11:54:40.559248+05:30,t,t,{7},1,1,831,6,209
156,2018-10-25 11:54:40.559189+05:30,2018-10-25 11:54:40.559248+05:30,t,t,{7},1,1,834,6,209
157,2018-10-25 11:54:40.559189+05:30,2018-10-25 11:54:40.559248+05:30,t,t,{7},1,1,167,6,209
158,2018-10-25 11:54:40.559189+05:30,2018-10-25 11:54:40.559248+05:30,t,t,{7},1,1,168,6,209
159,2018-10-25 11:54:40.559189+05:30,2018-10-25 11:54:40.559248+05:30,t,t,{7},1,1,169,6,209
160,2018-10-25 11:54:40.559189+05:30,2018-10-25 11:54:40.559248+05:30,t,t,{7},1,1,170,6,209
161,2018-10-25 11:54:40.559189+05:30,2018-10-25 11:54:40.559248+05:30,t,t,{7},1,1,827,6,209
162,2018-10-25 11:54:40.559189+05:30,2018-10-25 11:54:40.559248+05:30,t,t,{7},1,1,1078,6,209
163,2018-10-25 11:54:40.559189+05:30,2018-10-25 11:54:40.559248+05:30,t,t,{7},1,1,1079,6,209
164,2018-10-25 11:54:40.559189+05:30,2018-10-25 11:54:40.559248+05:30,t,t,{7},1,1,859,6,209
165,2018-10-25 11:54:40.559189+05:30,2018-10-25 11:54:40.559248+05:30,t,t,{7},1,1,826,6,209
166,2018-10-25 11:54:40.559189+05:30,2018-10-25 11:54:40.559248+05:30,t,t,{7},1,1,833,6,209
167,2018-10-25 11:54:40.559189+05:30,2018-10-25 11:54:40.559248+05:30,t,t,{7},1,1,815,7,210
168,2018-10-25 11:54:40.559189+05:30,2018-10-25 11:54:40.559248+05:30,t,t,{7},1,1,816,7,210
169,2018-10-25 11:54:40.559189+05:30,2018-10-25 11:54:40.559248+05:30,t,t,{7},1,1,818,7,210
170,2018-10-25 11:54:40.559189+05:30,2018-10-25 11:54:40.559248+05:30,t,t,{7},1,1,819,7,210
171,2018-10-25 11:54:40.559189+05:30,2018-10-25 11:54:40.559248+05:30,t,t,{7},1,1,856,7,210
172,2018-10-25 11:54:40.559189+05:30,2018-10-25 11:54:40.559248+05:30,t,t,{7},1,1,857,7,210
173,2018-10-25 11:54:40.559189+05:30,2018-10-25 11:54:40.559248+05:30,t,t,{7},1,1,858,7,210
174,2018-10-25 11:54:40.559189+05:30,2018-10-25 11:54:40.559248+05:30,t,t,{7},1,1,1057,7,210
175,2018-10-25 11:54:40.559189+05:30,2018-10-25 11:54:40.559248+05:30,t,t,{7},1,1,1080,7,210
176,2018-10-25 11:54:40.559189+05:30,2018-10-25 11:54:40.559248+05:30,t,t,{7},1,1,1081,7,210
177,2018-10-25 11:54:40.559189+05:30,2018-10-25 11:54:40.559248+05:30,t,t,{7},1,1,1082,7,210
178,2018-10-25 11:54:40.559189+05:30,2018-10-25 11:54:40.559248+05:30,t,t,{7},1,1,1083,7,210
179,2018-10-25 11:54:40.559189+05:30,2018-10-25 11:54:40.559248+05:30,t,t,{7},1,1,1084,7,210
180,2018-10-25 11:54:40.559189+05:30,2018-10-25 11:54:40.559248+05:30,t,t,{7},1,1,832,7,210
181,2018-10-25 11:54:40.559189+05:30,2018-10-25 11:54:40.559248+05:30,t,t,{7},1,1,829,7,210
182,2018-10-25 11:54:40.559189+05:30,2018-10-25 11:54:40.559248+05:30,t,t,{7},1,1,199,7,210
183,2018-10-25 11:54:40.559189+05:30,2018-10-25 11:54:40.559248+05:30,t,t,{7},1,1,835,7,210
184,2018-10-25 11:54:40.559189+05:30,2018-10-25 11:54:40.559248+05:30,t,t,{7},1,1,831,7,210
185,2018-10-25 11:54:40.559189+05:30,2018-10-25 11:54:40.559248+05:30,t,t,{7},1,1,834,7,210
186,2018-10-25 11:54:40.559189+05:30,2018-10-25 11:54:40.559248+05:30,t,t,{7},1,1,167,7,210
187,2018-10-25 11:54:40.559189+05:30,2018-10-25 11:54:40.559248+05:30,t,t,{7},1,1,168,7,210
188,2018-10-25 11:54:40.559189+05:30,2018-10-25 11:54:40.559248+05:30,t,t,{7},1,1,169,7,210
189,2018-10-25 11:54:40.559189+05:30,2018-10-25 11:54:40.559248+05:30,t,t,{7},1,1,170,7,210
190,2018-10-25 11:54:40.559189+05:30,2018-10-25 11:54:40.559248+05:30,t,t,{7},1,1,827,7,210
191,2018-10-25 11:54:40.559189+05:30,2018-10-25 11:54:40.559248+05:30,t,t,{7},1,1,1078,7,210
192,2018-10-25 11:54:40.559189+05:30,2018-10-25 11:54:40.559248+05:30,t,t,{7},1,1,1079,7,210
193,2018-10-25 11:54:40.559189+05:30,2018-10-25 11:54:40.559248+05:30,t,t,{7},1,1,859,7,210
194,2018-10-25 11:54:40.559189+05:30,2018-10-25 11:54:40.559248+05:30,t,t,{7},1,1,826,7,210
195,2018-10-25 11:54:40.559189+05:30,2018-10-25 11:54:40.559248+05:30,t,t,{7},1,1,833,7,210
196,2018-10-25 11:54:40.559189+05:30,2018-10-25 11:54:40.559248+05:30,t,t,{7},1,1,828,7,210
197,2018-10-25 11:54:40.559189+05:30,2018-10-25 11:54:40.559248+05:30,t,t,{7},1,1,820,8,211
198,2018-10-25 11:54:40.559189+05:30,2018-10-25 11:54:40.559248+05:30,t,t,{7},1,1,821,8,211
199,2018-10-25 11:54:40.559189+05:30,2018-10-25 11:54:40.559248+05:30,t,t,{7},1,1,822,8,211
200,2018-10-25 11:54:40.559189+05:30,2018-10-25 11:54:40.559248+05:30,t,t,{7},1,1,825,8,211
201,2018-10-25 11:54:40.559189+05:30,2018-10-25 11:54:40.559248+05:30,t,t,{7},1,1,1086,8,211
202,2018-10-25 11:54:40.559189+05:30,2018-10-25 11:54:40.559248+05:30,t,t,{7},1,1,1087,8,211
203,2018-10-25 11:54:40.559189+05:30,2018-10-25 11:54:40.559248+05:30,t,t,{7},1,1,1088,8,211
204,2018-10-25 11:54:40.559189+05:30,2018-10-25 11:54:40.559248+05:30,t,t,{7},1,1,850,8,211
205,2018-10-25 11:54:40.559189+05:30,2018-10-25 11:54:40.559248+05:30,t,t,{7},1,1,851,8,211
206,2018-10-25 11:54:40.559189+05:30,2018-10-25 11:54:40.559248+05:30,t,t,{7},1,1,852,8,211
207,2018-10-25 11:54:40.559189+05:30,2018-10-25 11:54:40.559248+05:30,t,t,{7},1,1,853,8,211
208,2018-10-25 11:54:40.559189+05:30,2018-10-25 11:54:40.559248+05:30,t,t,{7},1,1,831,8,211
209,2018-10-25 11:54:40.559189+05:30,2018-10-25 11:54:40.559248+05:30,t,t,{7},1,1,848,8,211
210,2018-10-25 11:54:40.559189+05:30,2018-10-25 11:54:40.559248+05:30,t,t,{7},1,1,832,8,211
211,2018-10-25 11:54:40.559189+05:30,2018-10-25 11:54:40.559248+05:30,t,t,{7},1,1,835,8,211
212,2018-10-25 11:54:40.559189+05:30,2018-10-25 11:54:40.559248+05:30,t,t,{7},1,1,199,8,211
213,2018-10-25 11:54:40.559189+05:30,2018-10-25 11:54:40.559248+05:30,t,t,{7},1,1,1089,8,211
214,2018-10-25 11:54:40.559189+05:30,2018-10-25 11:54:40.559248+05:30,t,t,{7},1,1,843,8,211
215,2018-10-25 11:54:40.559189+05:30,2018-10-25 11:54:40.559248+05:30,t,t,{7},1,1,844,8,211
216,2018-10-25 11:54:40.559189+05:30,2018-10-25 11:54:40.559248+05:30,t,t,{7},1,1,849,8,211
217,2018-10-25 11:54:40.559189+05:30,2018-10-25 11:54:40.559248+05:30,t,t,{7},1,1,845,8,211
218,2018-10-25 11:54:40.559189+05:30,2018-10-25 11:54:40.559248+05:30,t,t,{7},1,1,846,8,211
219,2018-10-25 11:54:40.559189+05:30,2018-10-25 11:54:40.559248+05:30,t,t,{7},1,1,828,8,211
220,2018-10-25 11:54:40.559189+05:30,2018-10-25 11:54:40.559248+05:30,t,t,{7},1,1,167,8,211
221,2018-10-25 11:54:40.559189+05:30,2018-10-25 11:54:40.559248+05:30,t,t,{7},1,1,168,8,211
222,2018-10-25 11:54:40.559189+05:30,2018-10-25 11:54:40.559248+05:30,t,t,{7},1,1,169,8,211
223,2018-10-25 11:54:40.559189+05:30,2018-10-25 11:54:40.559248+05:30,t,t,{7},1,1,170,8,211
224,2018-10-25 11:54:40.559189+05:30,2018-10-25 11:54:40.559248+05:30,t,t,{7},1,1,1078,8,211
225,2018-10-25 11:54:40.559189+05:30,2018-10-25 11:54:40.559248+05:30,t,t,{7},1,1,859,8,211
226,2018-10-25 11:54:40.559189+05:30,2018-10-25 11:54:40.559248+05:30,t,t,{7},1,1,1079,8,211
227,2018-10-25 11:54:40.559189+05:30,2018-10-25 11:54:40.559248+05:30,t,t,"{2,5,6,7,8,9,10}",1,1,821,9,211
228,2018-10-25 11:54:40.559189+05:30,2018-10-25 11:54:40.559248+05:30,t,t,"{2,5,6,7,8,9,10}",1,1,1088,9,211
229,2018-10-25 11:54:40.559189+05:30,2018-10-25 11:54:40.559248+05:30,t,t,"{2,5,6,7,8,9,10}",1,1,1090,9,211
230,2018-10-25 11:54:40.559189+05:30,2018-10-25 11:54:40.559248+05:30,t,t,"{2,5,6,7,8,9,10}",1,1,1091,9,211
231,2018-10-25 11:54:40.559189+05:30,2018-10-25 11:54:40.559248+05:30,t,t,"{2,5,6,7,8,9,10}",1,1,1092,9,211
232,2018-10-25 11:54:40.559189+05:30,2018-10-25 11:54:40.559248+05:30,t,t,"{2,5,6,7,8,9,10}",1,1,850,9,211
233,2018-10-25 11:54:40.559189+05:30,2018-10-25 11:54:40.559248+05:30,t,t,"{2,5,6,7,8,9,10}",1,1,851,9,211
234,2018-10-25 11:54:40.559189+05:30,2018-10-25 11:54:40.559248+05:30,t,t,"{2,5,6,7,8,9,10}",1,1,852,9,211
235,2018-10-25 11:54:40.559189+05:30,2018-10-25 11:54:40.559248+05:30,t,t,"{2,5,6,7,8,9,10}",1,1,853,9,211
236,2018-10-25 11:54:40.559189+05:30,2018-10-25 11:54:40.559248+05:30,t,t,"{2,5,6,7,8,9,10}",1,1,831,9,211
237,2018-10-25 11:54:40.559189+05:30,2018-10-25 11:54:40.559248+05:30,t,t,"{2,5,6,7,8,9,10}",1,1,848,9,211
238,2018-10-25 11:54:40.559189+05:30,2018-10-25 11:54:40.559248+05:30,t,t,"{2,5,6,7,8,9,10}",1,1,832,9,211
239,2018-10-25 11:54:40.559189+05:30,2018-10-25 11:54:40.559248+05:30,t,t,"{2,5,6,7,8,9,10}",1,1,835,9,211
240,2018-10-25 11:54:40.559189+05:30,2018-10-25 11:54:40.559248+05:30,t,t,"{2,5,6,7,8,9,10}",1,1,199,9,211
241,2018-10-25 11:54:40.559189+05:30,2018-10-25 11:54:40.559248+05:30,t,t,"{2,5,6,7,8,9,10}",1,1,1089,9,211
242,2018-10-25 11:54:40.559189+05:30,2018-10-25 11:54:40.559248+05:30,t,t,"{2,5,6,7,8,9,10}",1,1,843,9,211
243,2018-10-25 11:54:40.559189+05:30,2018-10-25 11:54:40.559248+05:30,t,t,"{2,5,6,7,8,9,10}",1,1,844,9,211
244,2018-10-25 11:54:40.559189+05:30,2018-10-25 11:54:40.559248+05:30,t,t,"{2,5,6,7,8,9,10}",1,1,849,9,211
245,2018-10-25 11:54:40.559189+05:30,2018-10-25 11:54:40.559248+05:30,t,t,"{2,5,6,7,8,9,10}",1,1,845,9,211
246,2018-10-25 11:54:40.559189+05:30,2018-10-25 11:54:40.559248+05:30,t,t,"{2,5,6,7,8,9,10}",1,1,846,9,211
247,2018-10-25 11:54:40.559189+05:30,2018-10-25 11:54:40.559248+05:30,t,t,"{2,5,6,7,8,9,10}",1,1,828,9,211
248,2018-10-25 11:54:40.559189+05:30,2018-10-25 11:54:40.559248+05:30,t,t,"{2,5,6,7,8,9,10}",1,1,167,9,211
249,2018-10-25 11:54:40.559189+05:30,2018-10-25 11:54:40.559248+05:30,t,t,"{2,5,6,7,8,9,10}",1,1,168,9,211
250,2018-10-25 11:54:40.559189+05:30,2018-10-25 11:54:40.559248+05:30,t,t,"{2,5,6,7,8,9,10}",1,1,169,9,211
251,2018-10-25 11:54:40.559189+05:30,2018-10-25 11:54:40.559248+05:30,t,t,"{2,5,6,7,8,9,10}",1,1,170,9,211
252,2018-10-25 11:54:40.559189+05:30,2018-10-25 11:54:40.559248+05:30,t,t,"{2,5,6,7,8,9,10}",1,1,1078,9,211
253,2018-10-25 11:54:40.559189+05:30,2018-10-25 11:54:40.559248+05:30,t,t,"{2,5,6,7,8,9,10}",1,1,859,9,211
254,2018-10-25 11:54:40.559189+05:30,2018-10-25 11:54:40.559248+05:30,t,t,"{2,5,6,7,8,9,10}",1,1,1079,9,211
255,2018-10-25 11:54:40.559189+05:30,2018-10-25 11:54:40.559248+05:30,t,t,"{2,5,6,7,8,9,10}",1,1,821,10,211
256,2018-10-25 11:54:40.559189+05:30,2018-10-25 11:54:40.559248+05:30,t,t,"{2,5,6,7,8,9,10}",1,1,1088,10,211
257,2018-10-25 11:54:40.559189+05:30,2018-10-25 11:54:40.559248+05:30,t,t,"{2,5,6,7,8,9,10}",1,1,1090,10,211
258,2018-10-25 11:54:40.559189+05:30,2018-10-25 11:54:40.559248+05:30,t,t,"{2,5,6,7,8,9,10}",1,1,1091,10,211
259,2018-10-25 11:54:40.559189+05:30,2018-10-25 11:54:40.559248+05:30,t,t,"{2,5,6,7,8,9,10}",1,1,1092,10,211
260,2018-10-25 11:54:40.559189+05:30,2018-10-25 11:54:40.559248+05:30,t,t,"{2,5,6,7,8,9,10}",1,1,850,10,211
261,2018-10-25 11:54:40.559189+05:30,2018-10-25 11:54:40.559248+05:30,t,t,"{2,5,6,7,8,9,10}",1,1,851,10,211
262,2018-10-25 11:54:40.559189+05:30,2018-10-25 11:54:40.559248+05:30,t,t,"{2,5,6,7,8,9,10}",1,1,852,10,211
263,2018-10-25 11:54:40.559189+05:30,2018-10-25 11:54:40.559248+05:30,t,t,"{2,5,6,7,8,9,10}",1,1,853,10,211
264,2018-10-25 11:54:40.559189+05:30,2018-10-25 11:54:40.559248+05:30,t,t,"{2,5,6,7,8,9,10}",1,1,831,10,211
265,2018-10-25 11:54:40.559189+05:30,2018-10-25 11:54:40.559248+05:30,t,t,"{2,5,6,7,8,9,10}",1,1,848,10,211
266,2018-10-25 11:54:40.559189+05:30,2018-10-25 11:54:40.559248+05:30,t,t,"{2,5,6,7,8,9,10}",1,1,832,10,211
267,2018-10-25 11:54:40.559189+05:30,2018-10-25 11:54:40.559248+05:30,t,t,"{2,5,6,7,8,9,10}",1,1,835,10,211
268,2018-10-25 11:54:40.559189+05:30,2018-10-25 11:54:40.559248+05:30,t,t,"{2,5,6,7,8,9,10}",1,1,199,10,211
269,2018-10-25 11:54:40.559189+05:30,2018-10-25 11:54:40.559248+05:30,t,t,"{2,5,6,7,8,9,10}",1,1,1089,10,211
270,2018-10-25 11:54:40.559189+05:30,2018-10-25 11:54:40.559248+05:30,t,t,"{2,5,6,7,8,9,10}",1,1,843,10,211
271,2018-10-25 11:54:40.559189+05:30,2018-10-25 11:54:40.559248+05:30,t,t,"{2,5,6,7,8,9,10}",1,1,844,10,211
272,2018-10-25 11:54:40.559189+05:30,2018-10-25 11:54:40.559248+05:30,t,t,"{2,5,6,7,8,9,10}",1,1,849,10,211
273,2018-10-25 11:54:40.559189+05:30,2018-10-25 11:54:40.559248+05:30,t,t,"{2,5,6,7,8,9,10}",1,1,845,10,211
274,2018-10-25 11:54:40.559189+05:30,2018-10-25 11:54:40.559248+05:30,t,t,"{2,5,6,7,8,9,10}",1,1,846,10,211
275,2018-10-25 11:54:40.559189+05:30,2018-10-25 11:54:40.559248+05:30,t,t,"{2,5,6,7,8,9,10}",1,1,828,10,211
276,2018-10-25 11:54:40.559189+05:30,2018-10-25 11:54:40.559248+05:30,t,t,"{2,5,6,7,8,9,10}",1,1,167,10,211
277,2018-10-25 11:54:40.559189+05:30,2018-10-25 11:54:40.559248+05:30,t,t,"{2,5,6,7,8,9,10}",1,1,168,10,211
278,2018-10-25 11:54:40.559189+05:30,2018-10-25 11:54:40.559248+05:30,t,t,"{2,5,6,7,8,9,10}",1,1,169,10,211
279,2018-10-25 11:54:40.559189+05:30,2018-10-25 11:54:40.559248+05:30,t,t,"{2,5,6,7,8,9,10}",1,1,170,10,211
280,2018-10-25 11:54:40.559189+05:30,2018-10-25 11:54:40.559248+05:30,t,t,"{2,5,6,7,8,9,10}",1,1,1078,10,211
281,2018-10-25 11:54:40.559189+05:30,2018-10-25 11:54:40.559248+05:30,t,t,{10},1,1,1093,11,209
282,2018-10-25 11:54:40.559189+05:30,2018-10-25 11:54:40.559248+05:30,t,t,{10},1,1,1094,11,209
283,2018-10-25 11:54:40.559189+05:30,2018-10-25 11:54:40.559248+05:30,t,t,{10},1,1,1095,11,209
284,2018-10-25 11:54:40.559189+05:30,2018-10-25 11:54:40.559248+05:30,t,t,{10},1,1,1096,11,210
285,2018-10-25 11:54:40.559189+05:30,2018-10-25 11:54:40.559248+05:30,t,t,{10},1,1,832,11,209
286,2018-10-25 11:54:40.559189+05:30,2018-10-25 11:54:40.559248+05:30,t,t,{10},1,1,829,11,209
287,2018-10-25 11:54:40.559189+05:30,2018-10-25 11:54:40.559248+05:30,t,t,{10},1,1,835,11,209
288,2018-10-25 11:54:40.559189+05:30,2018-10-25 11:54:40.559248+05:30,t,t,{10},1,1,831,11,209
289,2018-10-25 11:54:40.559189+05:30,2018-10-25 11:54:40.559248+05:30,t,t,{10},1,1,834,11,209
290,2018-10-25 11:54:40.559189+05:30,2018-10-25 11:54:40.559248+05:30,t,t,{10},1,1,199,11,209
291,2018-10-25 11:54:40.559189+05:30,2018-10-25 11:54:40.559248+05:30,t,t,{10},1,1,167,11,209
292,2018-10-25 11:54:40.559189+05:30,2018-10-25 11:54:40.559248+05:30,t,t,{10},1,1,168,11,209
293,2018-10-25 11:54:40.559189+05:30,2018-10-25 11:54:40.559248+05:30,t,t,{10},1,1,169,11,209
294,2018-10-25 11:54:40.559189+05:30,2018-10-25 11:54:40.559248+05:30,t,t,{10},1,1,170,11,209
295,2018-10-25 11:54:40.559189+05:30,2018-10-25 11:54:40.559248+05:30,t,t,{10},1,1,827,11,209
296,2018-10-25 11:54:40.559189+05:30,2018-10-25 11:54:40.559248+05:30,t,t,{10},1,1,1078,11,209
297,2018-10-25 11:54:40.559189+05:30,2018-10-25 11:54:40.559248+05:30,t,t,{10},1,1,1079,11,209
298,2018-10-25 11:54:40.559189+05:30,2018-10-25 11:54:40.559248+05:30,t,t,{10},1,1,859,11,209
299,2018-10-25 11:54:40.559189+05:30,2018-10-25 11:54:40.559248+05:30,t,t,{10},1,1,826,11,209
300,2018-10-25 11:54:40.559189+05:30,2018-10-25 11:54:40.559248+05:30,t,t,{10},1,1,833,11,209
301,2018-10-25 11:54:40.559189+05:30,2018-10-25 11:54:40.559248+05:30,t,t,{10},1,1,1036,12,209
302,2018-10-25 11:54:40.559189+05:30,2018-10-25 11:54:40.559248+05:30,t,t,{10},1,1,1037,12,209
303,2018-10-25 11:54:40.559189+05:30,2018-10-25 11:54:40.559248+05:30,t,t,{10},1,1,1041,12,209
304,2018-10-25 11:54:40.559189+05:30,2018-10-25 11:54:40.559248+05:30,t,t,{10},1,1,1039,12,209
305,2018-10-25 11:54:40.559189+05:30,2018-10-25 11:54:40.559248+05:30,t,t,{10},1,1,1035,12,209
306,2018-10-25 11:54:40.559189+05:30,2018-10-25 11:54:40.559248+05:30,t,t,{10},1,1,832,12,209
307,2018-10-25 11:54:40.559189+05:30,2018-10-25 11:54:40.559248+05:30,t,t,{10},1,1,829,12,209
308,2018-10-25 11:54:40.559189+05:30,2018-10-25 11:54:40.559248+05:30,t,t,{10},1,1,835,12,209
309,2018-10-25 11:54:40.559189+05:30,2018-10-25 11:54:40.559248+05:30,t,t,{10},1,1,831,12,209
310,2018-10-25 11:54:40.559189+05:30,2018-10-25 11:54:40.559248+05:30,t,t,{10},1,1,834,12,209
311,2018-10-25 11:54:40.559189+05:30,2018-10-25 11:54:40.559248+05:30,t,t,{10},1,1,199,12,209
312,2018-10-25 11:54:40.559189+05:30,2018-10-25 11:54:40.559248+05:30,t,t,{10},1,1,167,12,209
313,2018-10-25 11:54:40.559189+05:30,2018-10-25 11:54:40.559248+05:30,t,t,{10},1,1,168,12,209
314,2018-10-25 11:54:40.559189+05:30,2018-10-25 11:54:40.559248+05:30,t,t,{10},1,1,169,12,209
315,2018-10-25 11:54:40.559189+05:30,2018-10-25 11:54:40.559248+05:30,t,t,{10},1,1,170,12,209
316,2018-10-25 11:54:40.559189+05:30,2018-10-25 11:54:40.559248+05:30,t,t,{10},1,1,827,12,209
317,2018-10-25 11:54:40.559189+05:30,2018-10-25 11:54:40.559248+05:30,t,t,{10},1,1,1078,12,209
318,2018-10-25 11:54:40.559189+05:30,2018-10-25 11:54:40.559248+05:30,t,t,{10},1,1,1079,12,209
319,2018-10-25 11:54:40.559189+05:30,2018-10-25 11:54:40.559248+05:30,t,t,{10},1,1,859,12,209
320,2018-10-25 11:54:40.559189+05:30,2018-10-25 11:54:40.559248+05:30,t,t,{10},1,1,826,12,209
321,2018-10-25 11:54:40.559189+05:30,2018-10-25 11:54:40.559248+05:30,t,t,{10},1,1,833,12,209
322,2018-10-25 11:54:40.559189+05:30,2018-10-25 11:54:40.559248+05:30,t,t,{10},1,1,1093,13,210
323,2018-10-25 11:54:40.559189+05:30,2018-10-25 11:54:40.559248+05:30,t,t,{10},1,1,1094,13,210
324,2018-10-25 11:54:40.559189+05:30,2018-10-25 11:54:40.559248+05:30,t,t,{10},1,1,1095,13,210
325,2018-10-25 11:54:40.559189+05:30,2018-10-25 11:54:40.559248+05:30,t,t,{10},1,1,1096,13,211
326,2018-10-25 11:54:40.559189+05:30,2018-10-25 11:54:40.559248+05:30,t,t,{10},1,1,832,13,210
327,2018-10-25 11:54:40.559189+05:30,2018-10-25 11:54:40.559248+05:30,t,t,{10},1,1,829,13,210
328,2018-10-25 11:54:40.559189+05:30,2018-10-25 11:54:40.559248+05:30,t,t,{10},1,1,835,13,210
329,2018-10-25 11:54:40.559189+05:30,2018-10-25 11:54:40.559248+05:30,t,t,{10},1,1,831,13,210
330,2018-10-25 11:54:40.559189+05:30,2018-10-25 11:54:40.559248+05:30,t,t,{10},1,1,834,13,210
331,2018-10-25 11:54:40.559189+05:30,2018-10-25 11:54:40.559248+05:30,t,t,{10},1,1,199,13,210
332,2018-10-25 11:54:40.559189+05:30,2018-10-25 11:54:40.559248+05:30,t,t,{10},1,1,167,13,210
333,2018-10-25 11:54:40.559189+05:30,2018-10-25 11:54:40.559248+05:30,t,t,{10},1,1,168,13,210
334,2018-10-25 11:54:40.559189+05:30,2018-10-25 11:54:40.559248+05:30,t,t,{10},1,1,169,13,210
335,2018-10-25 11:54:40.559189+05:30,2018-10-25 11:54:40.559248+05:30,t,t,{10},1,1,170,13,210
336,2018-10-25 11:54:40.559189+05:30,2018-10-25 11:54:40.559248+05:30,t,t,{10},1,1,827,13,210
337,2018-10-25 11:54:40.559189+05:30,2018-10-25 11:54:40.559248+05:30,t,t,{10},1,1,1078,13,210
338,2018-10-25 11:54:40.559189+05:30,2018-10-25 11:54:40.559248+05:30,t,t,{10},1,1,1079,13,210
339,2018-10-25 11:54:40.559189+05:30,2018-10-25 11:54:40.559248+05:30,t,t,{10},1,1,859,13,210
340,2018-10-25 11:54:40.559189+05:30,2018-10-25 11:54:40.559248+05:30,t,t,{10},1,1,826,13,210
341,2018-10-25 11:54:40.559189+05:30,2018-10-25 11:54:40.559248+05:30,t,t,{10},1,1,833,13,210
342,2018-10-25 11:54:40.559189+05:30,2018-10-25 11:54:40.559248+05:30,t,t,{10},1,1,828,13,210
343,2018-10-25 11:54:40.559189+05:30,2018-10-25 11:54:40.559248+05:30,t,t,{10},1,1,1036,14,210
344,2018-10-25 11:54:40.559189+05:30,2018-10-25 11:54:40.559248+05:30,t,t,{10},1,1,1037,14,210
345,2018-10-25 11:54:40.559189+05:30,2018-10-25 11:54:40.559248+05:30,t,t,{10},1,1,1041,14,210
346,2018-10-25 11:54:40.559189+05:30,2018-10-25 11:54:40.559248+05:30,t,t,{10},1,1,1039,14,210
347,2018-10-25 11:54:40.559189+05:30,2018-10-25 11:54:40.559248+05:30,t,t,{10},1,1,1035,14,210
348,2018-10-25 11:54:40.559189+05:30,2018-10-25 11:54:40.559248+05:30,t,t,{10},1,1,832,14,210
349,2018-10-25 11:54:40.559189+05:30,2018-10-25 11:54:40.559248+05:30,t,t,{10},1,1,829,14,210
350,2018-10-25 11:54:40.559189+05:30,2018-10-25 11:54:40.559248+05:30,t,t,{10},1,1,835,14,210
351,2018-10-25 11:54:40.559189+05:30,2018-10-25 11:54:40.559248+05:30,t,t,{10},1,1,831,14,210
352,2018-10-25 11:54:40.559189+05:30,2018-10-25 11:54:40.559248+05:30,t,t,{10},1,1,834,14,210
353,2018-10-25 11:54:40.559189+05:30,2018-10-25 11:54:40.559248+05:30,t,t,{10},1,1,199,14,210
354,2018-10-25 11:54:40.559189+05:30,2018-10-25 11:54:40.559248+05:30,t,t,{10},1,1,167,14,210
355,2018-10-25 11:54:40.559189+05:30,2018-10-25 11:54:40.559248+05:30,t,t,{10},1,1,168,14,210
356,2018-10-25 11:54:40.559189+05:30,2018-10-25 11:54:40.559248+05:30,t,t,{10},1,1,169,14,210
357,2018-10-25 11:54:40.559189+05:30,2018-10-25 11:54:40.559248+05:30,t,t,{10},1,1,170,14,210
358,2018-10-25 11:54:40.559189+05:30,2018-10-25 11:54:40.559248+05:30,t,t,{10},1,1,827,14,210
359,2018-10-25 11:54:40.559189+05:30,2018-10-25 11:54:40.559248+05:30,t,t,{10},1,1,1078,14,210
360,2018-10-25 11:54:40.559189+05:30,2018-10-25 11:54:40.559248+05:30,t,t,{10},1,1,1079,14,210
361,2018-10-25 11:54:40.559189+05:30,2018-10-25 11:54:40.559248+05:30,t,t,{10},1,1,859,14,210
362,2018-10-25 11:54:40.559189+05:30,2018-10-25 11:54:40.559248+05:30,t,t,{10},1,1,826,14,210
363,2018-10-25 11:54:40.559189+05:30,2018-10-25 11:54:40.559248+05:30,t,t,{10},1,1,833,14,210
364,2018-10-25 11:54:40.559189+05:30,2018-10-25 11:54:40.559248+05:30,t,t,{10},1,1,828,14,210
365,2018-10-25 11:54:40.559189+05:30,2018-10-25 11:54:40.559248+05:30,t,t,{10},1,1,1097,15,211
366,2018-10-25 11:54:40.559189+05:30,2018-10-25 11:54:40.559248+05:30,t,t,{10},1,1,821,15,211
367,2018-10-25 11:54:40.559189+05:30,2018-10-25 11:54:40.559248+05:30,t,t,{10},1,1,1088,15,211
368,2018-10-25 11:54:40.559189+05:30,2018-10-25 11:54:40.559248+05:30,t,t,{10},1,1,1096,15,211
369,2018-10-25 11:54:40.559189+05:30,2018-10-25 11:54:40.559248+05:30,t,t,{10},1,1,832,15,211
370,2018-10-25 11:54:40.559189+05:30,2018-10-25 11:54:40.559248+05:30,t,t,{10},1,1,851,15,211
371,2018-10-25 11:54:40.559189+05:30,2018-10-25 11:54:40.559248+05:30,t,t,{10},1,1,1089,15,211
372,2018-10-25 11:54:40.559189+05:30,2018-10-25 11:54:40.559248+05:30,t,t,{10},1,1,853,15,211
373,2018-10-25 11:54:40.559189+05:30,2018-10-25 11:54:40.559248+05:30,t,t,{10},1,1,831,15,211
374,2018-10-25 11:54:40.559189+05:30,2018-10-25 11:54:40.559248+05:30,t,t,{10},1,1,848,15,211
375,2018-10-25 11:54:40.559189+05:30,2018-10-25 11:54:40.559248+05:30,t,t,{10},1,1,835,15,211
376,2018-10-25 11:54:40.559189+05:30,2018-10-25 11:54:40.559248+05:30,t,t,{10},1,1,199,15,211
377,2018-10-25 11:54:40.559189+05:30,2018-10-25 11:54:40.559248+05:30,t,t,{10},1,1,843,15,211
378,2018-10-25 11:54:40.559189+05:30,2018-10-25 11:54:40.559248+05:30,t,t,{10},1,1,844,15,211
379,2018-10-25 11:54:40.559189+05:30,2018-10-25 11:54:40.559248+05:30,t,t,{10},1,1,849,15,211
380,2018-10-25 11:54:40.559189+05:30,2018-10-25 11:54:40.559248+05:30,t,t,{10},1,1,845,15,211
381,2018-10-25 11:54:40.559189+05:30,2018-10-25 11:54:40.559248+05:30,t,t,{10},1,1,846,15,211
382,2018-10-25 11:54:40.559189+05:30,2018-10-25 11:54:40.559248+05:30,t,t,{10},1,1,828,15,211
383,2018-10-25 11:54:40.559189+05:30,2018-10-25 11:54:40.559248+05:30,t,t,{10},1,1,167,15,211
384,2018-10-25 11:54:40.559189+05:30,2018-10-25 11:54:40.559248+05:30,t,t,{10},1,1,168,15,211
385,2018-10-25 11:54:40.559189+05:30,2018-10-25 11:54:40.559248+05:30,t,t,{10},1,1,169,15,211
386,2018-10-25 11:54:40.559189+05:30,2018-10-25 11:54:40.559248+05:30,t,t,{10},1,1,170,15,211
387,2018-10-25 11:54:40.559189+05:30,2018-10-25 11:54:40.559248+05:30,t,t,{10},1,1,1078,15,211
388,2018-10-25 11:54:40.559189+05:30,2018-10-25 11:54:40.559248+05:30,t,t,{10},1,1,859,15,211
389,2018-10-25 11:54:40.559189+05:30,2018-10-25 11:54:40.559248+05:30,t,t,{10},1,1,1079,15,211
390,2018-10-25 11:54:40.559189+05:30,2018-10-25 11:54:40.559248+05:30,t,t,{14},1,1,1098,16,210
391,2018-10-25 11:54:40.559189+05:30,2018-10-25 11:54:40.559248+05:30,t,t,{14},1,1,1099,16,210
392,2018-10-25 11:54:40.559189+05:30,2018-10-25 11:54:40.559248+05:30,t,t,{14},1,1,1100,16,210
393,2018-10-25 11:54:40.559189+05:30,2018-10-25 11:54:40.559248+05:30,t,t,{14},1,1,1101,16,210
394,2018-10-25 11:54:40.559189+05:30,2018-10-25 11:54:40.559248+05:30,t,t,{14},1,1,1102,16,210
395,2018-10-25 11:54:40.559189+05:30,2018-10-25 11:54:40.559248+05:30,t,t,{14},1,1,832,16,210
396,2018-10-25 11:54:40.559189+05:30,2018-10-25 11:54:40.559248+05:30,t,t,{14},1,1,851,16,210
397,2018-10-25 11:54:40.559189+05:30,2018-10-25 11:54:40.559248+05:30,t,t,{14},1,1,1089,16,210
398,2018-10-25 11:54:40.559189+05:30,2018-10-25 11:54:40.559248+05:30,t,t,{14},1,1,853,16,210
399,2018-10-25 11:54:40.559189+05:30,2018-10-25 11:54:40.559248+05:30,t,t,{14},1,1,831,16,210
400,2018-10-25 11:54:40.559189+05:30,2018-10-25 11:54:40.559248+05:30,t,t,{14},1,1,848,16,210
401,2018-10-25 11:54:40.559189+05:30,2018-10-25 11:54:40.559248+05:30,t,t,{14},1,1,835,16,210
402,2018-10-25 11:54:40.559189+05:30,2018-10-25 11:54:40.559248+05:30,t,t,{14},1,1,199,16,210
403,2018-10-25 11:54:40.559189+05:30,2018-10-25 11:54:40.559248+05:30,t,t,{14},1,1,843,16,210
404,2018-10-25 11:54:40.559189+05:30,2018-10-25 11:54:40.559248+05:30,t,t,{14},1,1,844,16,210
405,2018-10-25 11:54:40.559189+05:30,2018-10-25 11:54:40.559248+05:30,t,t,{14},1,1,849,16,210
406,2018-10-25 11:54:40.559189+05:30,2018-10-25 11:54:40.559248+05:30,t,t,{14},1,1,845,16,210
407,2018-10-25 11:54:40.559189+05:30,2018-10-25 11:54:40.559248+05:30,t,t,{14},1,1,846,16,210
408,2018-10-25 11:54:40.559189+05:30,2018-10-25 11:54:40.559248+05:30,t,t,{14},1,1,828,16,210
409,2018-10-25 11:54:40.559189+05:30,2018-10-25 11:54:40.559248+05:30,t,t,{14},1,1,167,16,210
410,2018-10-25 11:54:40.559189+05:30,2018-10-25 11:54:40.559248+05:30,t,t,{14},1,1,168,16,210
411,2018-10-25 11:54:40.559189+05:30,2018-10-25 11:54:40.559248+05:30,t,t,{14},1,1,169,16,210
412,2018-10-25 11:54:40.559189+05:30,2018-10-25 11:54:40.559248+05:30,t,t,{14},1,1,170,16,210
413,2018-10-25 11:54:40.559189+05:30,2018-10-25 11:54:40.559248+05:30,t,t,{14},1,1,1078,16,210
414,2018-10-25 11:54:40.559189+05:30,2018-10-25 11:54:40.559248+05:30,t,t,{14},1,1,859,16,210
415,2018-10-25 11:54:40.559189+05:30,2018-10-25 11:54:40.559248+05:30,t,t,{14},1,1,1079,16,210
416,2018-10-25 11:54:40.559189+05:30,2018-10-25 11:54:40.559248+05:30,t,t,{6},1,1,856,17,210
417,2018-10-25 11:54:40.559189+05:30,2018-10-25 11:54:40.559248+05:30,t,t,{6},1,1,857,17,210
418,2018-10-25 11:54:40.559189+05:30,2018-10-25 11:54:40.559248+05:30,t,t,{6},1,1,858,17,210
419,2018-10-25 11:54:40.559189+05:30,2018-10-25 11:54:40.559248+05:30,t,t,{6},1,1,1069,17,210
420,2018-10-25 11:54:40.559189+05:30,2018-10-25 11:54:40.559248+05:30,t,t,{6},1,1,1070,17,210
421,2018-10-25 11:54:40.559189+05:30,2018-10-25 11:54:40.559248+05:30,t,t,{6},1,1,1071,17,210
422,2018-10-25 11:54:40.559189+05:30,2018-10-25 11:54:40.559248+05:30,t,t,{6},1,1,1072,17,210
423,2018-10-25 11:54:40.559189+05:30,2018-10-25 11:54:40.559248+05:30,t,t,{6},1,1,1103,17,210
424,2018-10-25 11:54:40.559189+05:30,2018-10-25 11:54:40.559248+05:30,t,t,{6},1,1,1104,17,210
425,2018-10-25 11:54:40.559189+05:30,2018-10-25 11:54:40.559248+05:30,t,t,{6},1,1,1105,17,210
426,2018-10-25 11:54:40.559189+05:30,2018-10-25 11:54:40.559248+05:30,t,t,{6},1,1,1073,17,210
427,2018-10-25 11:54:40.559189+05:30,2018-10-25 11:54:40.559248+05:30,t,t,{6},1,1,1074,17,210
428,2018-10-25 11:54:40.559189+05:30,2018-10-25 11:54:40.559248+05:30,t,t,{6},1,1,1075,17,210
429,2018-10-25 11:54:40.559189+05:30,2018-10-25 11:54:40.559248+05:30,t,t,{6},1,1,1076,17,210
430,2018-10-25 11:54:40.559189+05:30,2018-10-25 11:54:40.559248+05:30,t,t,{6},1,1,1077,17,210
431,2018-10-25 11:54:40.559189+05:30,2018-10-25 11:54:40.559248+05:30,t,t,{6},1,1,832,17,210
432,2018-10-25 11:54:40.559189+05:30,2018-10-25 11:54:40.559248+05:30,t,t,{6},1,1,829,17,210
433,2018-10-25 11:54:40.559189+05:30,2018-10-25 11:54:40.559248+05:30,t,t,{6},1,1,199,17,210
434,2018-10-25 11:54:40.559189+05:30,2018-10-25 11:54:40.559248+05:30,t,t,{6},1,1,835,17,210
435,2018-10-25 11:54:40.559189+05:30,2018-10-25 11:54:40.559248+05:30,t,t,{6},1,1,831,17,210
436,2018-10-25 11:54:40.559189+05:30,2018-10-25 11:54:40.559248+05:30,t,t,{6},1,1,834,17,210
437,2018-10-25 11:54:40.559189+05:30,2018-10-25 11:54:40.559248+05:30,t,t,{6},1,1,167,17,210
438,2018-10-25 11:54:40.559189+05:30,2018-10-25 11:54:40.559248+05:30,t,t,{6},1,1,168,17,210
439,2018-10-25 11:54:40.559189+05:30,2018-10-25 11:54:40.559248+05:30,t,t,{6},1,1,169,17,210
440,2018-10-25 11:54:40.559189+05:30,2018-10-25 11:54:40.559248+05:30,t,t,{6},1,1,170,17,210
441,2018-10-25 11:54:40.559189+05:30,2018-10-25 11:54:40.559248+05:30,t,t,{6},1,1,827,17,210
442,2018-10-25 11:54:40.559189+05:30,2018-10-25 11:54:40.559248+05:30,t,t,{6},1,1,1078,17,210
443,2018-10-25 11:54:40.559189+05:30,2018-10-25 11:54:40.559248+05:30,t,t,{6},1,1,1079,17,210
444,2018-10-25 11:54:40.559189+05:30,2018-10-25 11:54:40.559248+05:30,t,t,{6},1,1,859,17,210
445,2018-10-25 11:54:40.559189+05:30,2018-10-25 11:54:40.559248+05:30,t,t,{6},1,1,826,17,210
446,2018-10-25 11:54:40.559189+05:30,2018-10-25 11:54:40.559248+05:30,t,t,{6},1,1,833,17,210
447,2018-10-25 11:54:40.559189+05:30,2018-10-25 11:54:40.559248+05:30,t,t,{6},1,1,828,17,210
448,2018-10-25 11:54:40.559189+05:30,2018-10-25 11:54:40.559248+05:30,t,t,{5},1,1,856,18,210
449,2018-10-25 11:54:40.559189+05:30,2018-10-25 11:54:40.559248+05:30,t,t,{5},1,1,857,18,210
450,2018-10-25 11:54:40.559189+05:30,2018-10-25 11:54:40.559248+05:30,t,t,{5},1,1,858,18,210
451,2018-10-25 11:54:40.559189+05:30,2018-10-25 11:54:40.559248+05:30,t,t,{5},1,1,1050,18,210
452,2018-10-25 11:54:40.559189+05:30,2018-10-25 11:54:40.559248+05:30,t,t,{5},1,1,1066,18,210
453,2018-10-25 11:54:40.559189+05:30,2018-10-25 11:54:40.559248+05:30,t,t,{5},1,1,1048,18,210
454,2018-10-25 11:54:40.559189+05:30,2018-10-25 11:54:40.559248+05:30,t,t,{5},1,1,1044,18,210
455,2018-10-25 11:54:40.559189+05:30,2018-10-25 11:54:40.559248+05:30,t,t,{5},1,1,1106,18,210
456,2018-10-25 11:54:40.559189+05:30,2018-10-25 11:54:40.559248+05:30,t,t,{5},1,1,1058,18,210
457,2018-10-25 11:54:40.559189+05:30,2018-10-25 11:54:40.559248+05:30,t,t,{5},1,1,1059,18,210
458,2018-10-25 11:54:40.559189+05:30,2018-10-25 11:54:40.559248+05:30,t,t,{5},1,1,1060,18,210
459,2018-10-25 11:54:40.559189+05:30,2018-10-25 11:54:40.559248+05:30,t,t,{5},1,1,1061,18,210
460,2018-10-25 11:54:40.559189+05:30,2018-10-25 11:54:40.559248+05:30,t,t,{5},1,1,1062,18,210
461,2018-10-25 11:54:40.559189+05:30,2018-10-25 11:54:40.559248+05:30,t,t,{5},1,1,1063,18,210
462,2018-10-25 11:54:40.559189+05:30,2018-10-25 11:54:40.559248+05:30,t,t,{5},1,1,1035,18,210
463,2018-10-25 11:54:40.559189+05:30,2018-10-25 11:54:40.559248+05:30,t,t,{5},1,1,1036,18,210
464,2018-10-25 11:54:40.559189+05:30,2018-10-25 11:54:40.559248+05:30,t,t,{5},1,1,1037,18,210
465,2018-10-25 11:54:40.559189+05:30,2018-10-25 11:54:40.559248+05:30,t,t,{5},1,1,1038,18,210
466,2018-10-25 11:54:40.559189+05:30,2018-10-25 11:54:40.559248+05:30,t,t,{5},1,1,1034,18,210
467,2018-10-25 11:54:40.559189+05:30,2018-10-25 11:54:40.559248+05:30,t,t,{5},1,1,1046,18,210
468,2018-10-25 11:54:40.559189+05:30,2018-10-25 11:54:40.559248+05:30,t,t,{5},1,1,1057,18,210
469,2018-10-25 11:54:40.559189+05:30,2018-10-25 11:54:40.559248+05:30,t,t,{5},1,1,1054,18,210
470,2018-10-25 11:54:40.559189+05:30,2018-10-25 11:54:40.559248+05:30,t,t,{5},1,1,1055,18,210
471,2018-10-25 11:54:40.559189+05:30,2018-10-25 11:54:40.559248+05:30,t,t,{5},1,1,1056,18,210
472,2018-10-25 11:54:40.559189+05:30,2018-10-25 11:54:40.559248+05:30,t,t,{5},1,1,1107,18,210
473,2018-10-25 11:54:40.559189+05:30,2018-10-25 11:54:40.559248+05:30,t,t,{5},1,1,1108,18,210
474,2018-10-25 11:54:40.559189+05:30,2018-10-25 11:54:40.559248+05:30,t,t,{5},1,1,1109,18,210
475,2018-10-25 11:54:40.559189+05:30,2018-10-25 11:54:40.559248+05:30,t,t,{5},1,1,1051,18,210
476,2018-10-25 11:54:40.559189+05:30,2018-10-25 11:54:40.559248+05:30,t,t,{5},1,1,1052,18,210
477,2018-10-25 11:54:40.559189+05:30,2018-10-25 11:54:40.559248+05:30,t,t,{5},1,1,1053,18,210
478,2018-10-25 11:54:40.559189+05:30,2018-10-25 11:54:40.559248+05:30,t,t,{5},1,1,832,18,210
479,2018-10-25 11:54:40.559189+05:30,2018-10-25 11:54:40.559248+05:30,t,t,{5},1,1,829,18,210
480,2018-10-25 11:54:40.559189+05:30,2018-10-25 11:54:40.559248+05:30,t,t,{5},1,1,199,18,210
481,2018-10-25 11:54:40.559189+05:30,2018-10-25 11:54:40.559248+05:30,t,t,{5},1,1,835,18,210
482,2018-10-25 11:54:40.559189+05:30,2018-10-25 11:54:40.559248+05:30,t,t,{5},1,1,831,18,210
483,2018-10-25 11:54:40.559189+05:30,2018-10-25 11:54:40.559248+05:30,t,t,{5},1,1,834,18,210
484,2018-10-25 11:54:40.559189+05:30,2018-10-25 11:54:40.559248+05:30,t,t,{5},1,1,167,18,210
485,2018-10-25 11:54:40.559189+05:30,2018-10-25 11:54:40.559248+05:30,t,t,{5},1,1,168,18,210
486,2018-10-25 11:54:40.559189+05:30,2018-10-25 11:54:40.559248+05:30,t,t,{5},1,1,169,18,210
487,2018-10-25 11:54:40.559189+05:30,2018-10-25 11:54:40.559248+05:30,t,t,{5},1,1,170,18,210
488,2018-10-25 11:54:40.559189+05:30,2018-10-25 11:54:40.559248+05:30,t,t,{5},1,1,827,18,210
489,2018-10-25 11:54:40.559189+05:30,2018-10-25 11:54:40.559248+05:30,t,t,{5},1,1,1078,18,210
490,2018-10-25 11:54:40.559189+05:30,2018-10-25 11:54:40.559248+05:30,t,t,{5},1,1,1079,18,210
491,2018-10-25 11:54:40.559189+05:30,2018-10-25 11:54:40.559248+05:30,t,t,{5},1,1,859,18,210
492,2018-10-25 11:54:40.559189+05:30,2018-10-25 11:54:40.559248+05:30,t,t,{5},1,1,826,18,210
493,2018-10-25 11:54:40.559189+05:30,2018-10-25 11:54:40.559248+05:30,t,t,{5},1,1,833,18,210
494,2018-10-25 11:54:40.559189+05:30,2018-10-25 11:54:40.559248+05:30,t,t,{5},1,1,828,18,210
495,2018-10-25 11:54:40.559189+05:30,2018-10-25 11:54:40.559248+05:30,t,t,{4},1,1,856,19,209
496,2018-10-25 11:54:40.559189+05:30,2018-10-25 11:54:40.559248+05:30,t,t,{4},1,1,860,19,210
497,2018-10-25 11:54:40.559189+05:30,2018-10-25 11:54:40.559248+05:30,t,t,{4},1,1,862,19,209
498,2018-10-25 11:54:40.559189+05:30,2018-10-25 11:54:40.559248+05:30,t,t,{4},1,1,832,19,209
499,2018-10-25 11:54:40.559189+05:30,2018-10-25 11:54:40.559248+05:30,t,t,{4},1,1,829,19,209
500,2018-10-25 11:54:40.559189+05:30,2018-10-25 11:54:40.559248+05:30,t,t,{4},1,1,835,19,209
501,2018-10-25 11:54:40.559189+05:30,2018-10-25 11:54:40.559248+05:30,t,t,{4},1,1,834,19,209
502,2018-10-25 11:54:40.559189+05:30,2018-10-25 11:54:40.559248+05:30,t,t,{4},1,1,167,19,209
503,2018-10-25 11:54:40.559189+05:30,2018-10-25 11:54:40.559248+05:30,t,t,{4},1,1,168,19,209
504,2018-10-25 11:54:40.559189+05:30,2018-10-25 11:54:40.559248+05:30,t,t,{4},1,1,169,19,209
505,2018-10-25 11:54:40.559189+05:30,2018-10-25 11:54:40.559248+05:30,t,t,{4},1,1,170,19,209
506,2018-10-25 11:54:40.559189+05:30,2018-10-25 11:54:40.559248+05:30,t,t,{4},1,1,827,19,209
507,2018-10-25 11:54:40.559189+05:30,2018-10-25 11:54:40.559248+05:30,t,t,{4},1,1,1078,19,209
508,2018-10-25 11:54:40.559189+05:30,2018-10-25 11:54:40.559248+05:30,t,t,{4},1,1,1079,19,209
509,2018-10-25 11:54:40.559189+05:30,2018-10-25 11:54:40.559248+05:30,t,t,{4},1,1,859,19,209
510,2018-10-25 11:54:40.559189+05:30,2018-10-25 11:54:40.559248+05:30,t,t,{4},1,1,826,19,209
511,2018-10-25 11:54:40.559189+05:30,2018-10-25 11:54:40.559248+05:30,t,t,{4},1,1,833,19,209
512,2018-10-25 11:54:40.559189+05:30,2018-10-25 11:54:40.559248+05:30,t,t,{4},1,1,860,20,211
513,2018-10-25 11:54:40.559189+05:30,2018-10-25 11:54:40.559248+05:30,t,t,{4},1,1,1110,20,210
514,2018-10-25 11:54:40.559189+05:30,2018-10-25 11:54:40.559248+05:30,t,t,{4},1,1,861,20,210
515,2018-10-25 11:54:40.559189+05:30,2018-10-25 11:54:40.559248+05:30,t,t,{4},1,1,862,20,210
516,2018-10-25 11:54:40.559189+05:30,2018-10-25 11:54:40.559248+05:30,t,t,{4},1,1,832,20,210
517,2018-10-25 11:54:40.559189+05:30,2018-10-25 11:54:40.559248+05:30,t,t,{4},1,1,1089,20,210
518,2018-10-25 11:54:40.559189+05:30,2018-10-25 11:54:40.559248+05:30,t,t,{4},1,1,835,20,210
519,2018-10-25 11:54:40.559189+05:30,2018-10-25 11:54:40.559248+05:30,t,t,{4},1,1,851,20,210
520,2018-10-25 11:54:40.559189+05:30,2018-10-25 11:54:40.559248+05:30,t,t,{4},1,1,853,20,210
521,2018-10-25 11:54:40.559189+05:30,2018-10-25 11:54:40.559248+05:30,t,t,{4},1,1,848,20,210
522,2018-10-25 11:54:40.559189+05:30,2018-10-25 11:54:40.559248+05:30,t,t,{4},1,1,167,20,210
523,2018-10-25 11:54:40.559189+05:30,2018-10-25 11:54:40.559248+05:30,t,t,{4},1,1,168,20,210
524,2018-10-25 11:54:40.559189+05:30,2018-10-25 11:54:40.559248+05:30,t,t,{4},1,1,169,20,210
525,2018-10-25 11:54:40.559189+05:30,2018-10-25 11:54:40.559248+05:30,t,t,{4},1,1,170,20,210
526,2018-10-25 11:54:40.559189+05:30,2018-10-25 11:54:40.559248+05:30,t,t,{4},1,1,827,20,210
527,2018-10-25 11:54:40.559189+05:30,2018-10-25 11:54:40.559248+05:30,t,t,{4},1,1,1078,20,210
528,2018-10-25 11:54:40.559189+05:30,2018-10-25 11:54:40.559248+05:30,t,t,{4},1,1,1079,20,210
529,2018-10-25 11:54:40.559189+05:30,2018-10-25 11:54:40.559248+05:30,t,t,{4},1,1,859,20,210
530,2018-10-25 11:54:40.559189+05:30,2018-10-25 11:54:40.559248+05:30,t,t,{4},1,1,826,20,210
531,2018-10-25 11:54:40.559189+05:30,2018-10-25 11:54:40.559248+05:30,t,t,{4},1,1,843,20,210
532,2018-10-25 11:54:40.559189+05:30,2018-10-25 11:54:40.559248+05:30,t,t,{4},1,1,844,20,210
533,2018-10-25 11:54:40.559189+05:30,2018-10-25 11:54:40.559248+05:30,t,t,{4},1,1,849,20,210
534,2018-10-25 11:54:40.559189+05:30,2018-10-25 11:54:40.559248+05:30,t,t,{4},1,1,845,20,210
535,2018-10-25 11:54:40.559189+05:30,2018-10-25 11:54:40.559248+05:30,t,t,{4},1,1,846,20,210
536,2018-10-25 11:54:40.559189+05:30,2018-10-25 11:54:40.559248+05:30,t,t,{4},1,1,828,20,210
537,2018-10-25 11:54:40.559189+05:30,2018-10-25 11:54:40.559248+05:30,t,t,{4},1,1,860,21,210
538,2018-10-25 11:54:40.559189+05:30,2018-10-25 11:54:40.559248+05:30,t,t,{4},1,1,1110,21,209
539,2018-10-25 11:54:40.559189+05:30,2018-10-25 11:54:40.559248+05:30,t,t,{4},1,1,861,21,209
540,2018-10-25 11:54:40.559189+05:30,2018-10-25 11:54:40.559248+05:30,t,t,{4},1,1,862,21,209
541,2018-10-25 11:54:40.559189+05:30,2018-10-25 11:54:40.559248+05:30,t,t,{4},1,1,832,21,209
542,2018-10-25 11:54:40.559189+05:30,2018-10-25 11:54:40.559248+05:30,t,t,{4},1,1,1089,21,209
543,2018-10-25 11:54:40.559189+05:30,2018-10-25 11:54:40.559248+05:30,t,t,{4},1,1,835,21,209
544,2018-10-25 11:54:40.559189+05:30,2018-10-25 11:54:40.559248+05:30,t,t,{4},1,1,167,21,209
545,2018-10-25 11:54:40.559189+05:30,2018-10-25 11:54:40.559248+05:30,t,t,{4},1,1,168,21,209
546,2018-10-25 11:54:40.559189+05:30,2018-10-25 11:54:40.559248+05:30,t,t,{4},1,1,169,21,209
547,2018-10-25 11:54:40.559189+05:30,2018-10-25 11:54:40.559248+05:30,t,t,{4},1,1,170,21,209
548,2018-10-25 11:54:40.559189+05:30,2018-10-25 11:54:40.559248+05:30,t,t,{4},1,1,827,21,209
549,2018-10-25 11:54:40.559189+05:30,2018-10-25 11:54:40.559248+05:30,t,t,{4},1,1,1078,21,209
550,2018-10-25 11:54:40.559189+05:30,2018-10-25 11:54:40.559248+05:30,t,t,{4},1,1,1079,21,209
551,2018-10-25 11:54:40.559189+05:30,2018-10-25 11:54:40.559248+05:30,t,t,{4},1,1,859,21,209
552,2018-10-25 11:54:40.559189+05:30,2018-10-25 11:54:40.559248+05:30,t,t,{4},1,1,826,21,209
553,2018-10-25 11:54:40.559189+05:30,2018-10-25 11:54:40.559248+05:30,t,t,"{5,6,7,8,9}",1,1,1090,22,211
554,2018-10-25 11:54:40.559189+05:30,2018-10-25 11:54:40.559248+05:30,t,t,"{5,6,7,8,9}",1,1,821,22,211
555,2018-10-25 11:54:40.559189+05:30,2018-10-25 11:54:40.559248+05:30,t,t,"{5,6,7,8,9}",1,1,1091,22,211
556,2018-10-25 11:54:40.559189+05:30,2018-10-25 11:54:40.559248+05:30,t,t,"{5,6,7,8,9}",1,1,1092,22,211
557,2018-10-25 11:54:40.559189+05:30,2018-10-25 11:54:40.559248+05:30,t,t,"{5,6,7,8,9}",1,1,1088,22,211
558,2018-10-25 11:54:40.559189+05:30,2018-10-25 11:54:40.559248+05:30,t,t,"{5,6,7,8,9}",1,1,1111,22,211
559,2018-10-25 11:54:40.559189+05:30,2018-10-25 11:54:40.559248+05:30,t,t,"{5,6,7,8,9}",1,1,850,22,211
560,2018-10-25 11:54:40.559189+05:30,2018-10-25 11:54:40.559248+05:30,t,t,"{5,6,7,8,9}",1,1,851,22,211
561,2018-10-25 11:54:40.559189+05:30,2018-10-25 11:54:40.559248+05:30,t,t,"{5,6,7,8,9}",1,1,852,22,211
562,2018-10-25 11:54:40.559189+05:30,2018-10-25 11:54:40.559248+05:30,t,t,"{5,6,7,8,9}",1,1,853,22,211
563,2018-10-25 11:54:40.559189+05:30,2018-10-25 11:54:40.559248+05:30,t,t,"{5,6,7,8,9}",1,1,831,22,211
564,2018-10-25 11:54:40.559189+05:30,2018-10-25 11:54:40.559248+05:30,t,t,"{5,6,7,8,9}",1,1,848,22,211
565,2018-10-25 11:54:40.559189+05:30,2018-10-25 11:54:40.559248+05:30,t,t,"{5,6,7,8,9}",1,1,832,22,211
566,2018-10-25 11:54:40.559189+05:30,2018-10-25 11:54:40.559248+05:30,t,t,"{5,6,7,8,9}",1,1,1089,22,211
567,2018-10-25 11:54:40.559189+05:30,2018-10-25 11:54:40.559248+05:30,t,t,"{5,6,7,8,9}",1,1,835,22,211
568,2018-10-25 11:54:40.559189+05:30,2018-10-25 11:54:40.559248+05:30,t,t,"{5,6,7,8,9}",1,1,199,22,211
569,2018-10-25 11:54:40.559189+05:30,2018-10-25 11:54:40.559248+05:30,t,t,"{5,6,7,8,9}",1,1,843,22,211
570,2018-10-25 11:54:40.559189+05:30,2018-10-25 11:54:40.559248+05:30,t,t,"{5,6,7,8,9}",1,1,844,22,211
571,2018-10-25 11:54:40.559189+05:30,2018-10-25 11:54:40.559248+05:30,t,t,"{5,6,7,8,9}",1,1,849,22,211
572,2018-10-25 11:54:40.559189+05:30,2018-10-25 11:54:40.559248+05:30,t,t,"{5,6,7,8,9}",1,1,845,22,211
573,2018-10-25 11:54:40.559189+05:30,2018-10-25 11:54:40.559248+05:30,t,t,"{5,6,7,8,9}",1,1,846,22,211
574,2018-10-25 11:54:40.559189+05:30,2018-10-25 11:54:40.559248+05:30,t,t,"{5,6,7,8,9}",1,1,828,22,211
575,2018-10-25 11:54:40.559189+05:30,2018-10-25 11:54:40.559248+05:30,t,t,"{5,6,7,8,9}",1,1,167,22,211
576,2018-10-25 11:54:40.559189+05:30,2018-10-25 11:54:40.559248+05:30,t,t,"{5,6,7,8,9}",1,1,168,22,211
577,2018-10-25 11:54:40.559189+05:30,2018-10-25 11:54:40.559248+05:30,t,t,"{5,6,7,8,9}",1,1,169,22,211
578,2018-10-25 11:54:40.559189+05:30,2018-10-25 11:54:40.559248+05:30,t,t,"{5,6,7,8,9}",1,1,170,22,211
579,2018-10-25 11:54:40.559189+05:30,2018-10-25 11:54:40.559248+05:30,t,t,"{5,6,7,8,9}",1,1,1078,22,211
580,2018-10-25 11:54:40.559189+05:30,2018-10-25 11:54:40.559248+05:30,t,t,"{5,6,7,8,9}",1,1,859,22,211
581,2018-10-25 11:54:40.559189+05:30,2018-10-25 11:54:40.559248+05:30,t,t,"{5,6,7,8,9}",1,1,1079,22,211
582,2018-10-25 11:54:40.559189+05:30,2018-10-25 11:54:40.559248+05:30,t,t,{6},1,1,1112,23,211
583,2018-10-25 11:54:40.559189+05:30,2018-10-25 11:54:40.559248+05:30,t,t,{6},1,1,821,23,211
584,2018-10-25 11:54:40.559189+05:30,2018-10-25 11:54:40.559248+05:30,t,t,{6},1,1,1113,23,211
585,2018-10-25 11:54:40.559189+05:30,2018-10-25 11:54:40.559248+05:30,t,t,{6},1,1,1092,23,211
586,2018-10-25 11:54:40.559189+05:30,2018-10-25 11:54:40.559248+05:30,t,t,{6},1,1,1088,23,211
587,2018-10-25 11:54:40.559189+05:30,2018-10-25 11:54:40.559248+05:30,t,t,{6},1,1,1114,23,211
588,2018-10-25 11:54:40.559189+05:30,2018-10-25 11:54:40.559248+05:30,t,t,{6},1,1,1069,23,211
589,2018-10-25 11:54:40.559189+05:30,2018-10-25 11:54:40.559248+05:30,t,t,{6},1,1,1070,23,211
590,2018-10-25 11:54:40.559189+05:30,2018-10-25 11:54:40.559248+05:30,t,t,{6},1,1,1071,23,211
591,2018-10-25 11:54:40.559189+05:30,2018-10-25 11:54:40.559248+05:30,t,t,{6},1,1,1072,23,211
592,2018-10-25 11:54:40.559189+05:30,2018-10-25 11:54:40.559248+05:30,t,t,{6},1,1,1103,23,211
593,2018-10-25 11:54:40.559189+05:30,2018-10-25 11:54:40.559248+05:30,t,t,{6},1,1,1104,23,211
594,2018-10-25 11:54:40.559189+05:30,2018-10-25 11:54:40.559248+05:30,t,t,{6},1,1,1105,23,211
595,2018-10-25 11:54:40.559189+05:30,2018-10-25 11:54:40.559248+05:30,t,t,{6},1,1,1073,23,211
596,2018-10-25 11:54:40.559189+05:30,2018-10-25 11:54:40.559248+05:30,t,t,{6},1,1,1074,23,211
597,2018-10-25 11:54:40.559189+05:30,2018-10-25 11:54:40.559248+05:30,t,t,{6},1,1,1075,23,211
598,2018-10-25 11:54:40.559189+05:30,2018-10-25 11:54:40.559248+05:30,t,t,{6},1,1,1076,23,211
599,2018-10-25 11:54:40.559189+05:30,2018-10-25 11:54:40.559248+05:30,t,t,{6},1,1,1077,23,211
600,2018-10-25 11:54:40.559189+05:30,2018-10-25 11:54:40.559248+05:30,t,t,{6},1,1,850,23,211
601,2018-10-25 11:54:40.559189+05:30,2018-10-25 11:54:40.559248+05:30,t,t,{6},1,1,851,23,211
602,2018-10-25 11:54:40.559189+05:30,2018-10-25 11:54:40.559248+05:30,t,t,{6},1,1,852,23,211
603,2018-10-25 11:54:40.559189+05:30,2018-10-25 11:54:40.559248+05:30,t,t,{6},1,1,853,23,211
604,2018-10-25 11:54:40.559189+05:30,2018-10-25 11:54:40.559248+05:30,t,t,{6},1,1,831,23,211
605,2018-10-25 11:54:40.559189+05:30,2018-10-25 11:54:40.559248+05:30,t,t,{6},1,1,848,23,211
606,2018-10-25 11:54:40.559189+05:30,2018-10-25 11:54:40.559248+05:30,t,t,{6},1,1,832,23,211
607,2018-10-25 11:54:40.559189+05:30,2018-10-25 11:54:40.559248+05:30,t,t,{6},1,1,1089,23,211
608,2018-10-25 11:54:40.559189+05:30,2018-10-25 11:54:40.559248+05:30,t,t,{6},1,1,835,23,211
609,2018-10-25 11:54:40.559189+05:30,2018-10-25 11:54:40.559248+05:30,t,t,{6},1,1,199,23,211
610,2018-10-25 11:54:40.559189+05:30,2018-10-25 11:54:40.559248+05:30,t,t,{6},1,1,843,23,211
611,2018-10-25 11:54:40.559189+05:30,2018-10-25 11:54:40.559248+05:30,t,t,{6},1,1,844,23,211
612,2018-10-25 11:54:40.559189+05:30,2018-10-25 11:54:40.559248+05:30,t,t,{6},1,1,849,23,211
613,2018-10-25 11:54:40.559189+05:30,2018-10-25 11:54:40.559248+05:30,t,t,{6},1,1,845,23,211
614,2018-10-25 11:54:40.559189+05:30,2018-10-25 11:54:40.559248+05:30,t,t,{6},1,1,846,23,211
615,2018-10-25 11:54:40.559189+05:30,2018-10-25 11:54:40.559248+05:30,t,t,{6},1,1,828,23,211
616,2018-10-25 11:54:40.559189+05:30,2018-10-25 11:54:40.559248+05:30,t,t,{6},1,1,167,23,211
617,2018-10-25 11:54:40.559189+05:30,2018-10-25 11:54:40.559248+05:30,t,t,{6},1,1,168,23,211
618,2018-10-25 11:54:40.559189+05:30,2018-10-25 11:54:40.559248+05:30,t,t,{6},1,1,169,23,211
619,2018-10-25 11:54:40.559189+05:30,2018-10-25 11:54:40.559248+05:30,t,t,{6},1,1,170,23,211
620,2018-10-25 11:54:40.559189+05:30,2018-10-25 11:54:40.559248+05:30,t,t,{6},1,1,1078,23,211
621,2018-10-25 11:54:40.559189+05:30,2018-10-25 11:54:40.559248+05:30,t,t,{6},1,1,859,23,211
622,2018-10-25 11:54:40.559189+05:30,2018-10-25 11:54:40.559248+05:30,t,t,{6},1,1,1079,23,211
623,2018-10-25 11:54:40.475778+05:30,2018-10-25 11:54:40.475839+05:30,t,t,{5},1,1,856,25,209
624,2018-10-25 11:54:40.542457+05:30,2018-10-25 11:54:40.542517+05:30,t,t,{5},1,1,857,25,209
625,2018-10-25 11:54:40.550663+05:30,2018-10-25 11:54:40.550717+05:30,t,t,{5},1,1,858,25,209
626,2018-10-25 11:54:40.559189+05:30,2018-10-25 11:54:40.559248+05:30,t,t,{5},1,1,1034,25,209
627,2018-10-25 11:54:40.559189+05:30,2018-10-25 11:54:40.559248+05:30,t,t,{5},1,1,863,25,209
628,2018-10-25 11:54:40.559189+05:30,2018-10-25 11:54:40.559248+05:30,t,t,{5},1,1,1035,25,209
629,2018-10-25 11:54:40.559189+05:30,2018-10-25 11:54:40.559248+05:30,t,t,{5},1,1,1036,25,209
630,2018-10-25 11:54:40.559189+05:30,2018-10-25 11:54:40.559248+05:30,t,t,{5},1,1,1037,25,209
631,2018-10-25 11:54:40.559189+05:30,2018-10-25 11:54:40.559248+05:30,t,t,{5},1,1,1038,25,209
632,2018-10-25 11:54:40.559189+05:30,2018-10-25 11:54:40.559248+05:30,t,t,{5},1,1,1039,25,209
633,2018-10-25 11:54:40.559189+05:30,2018-10-25 11:54:40.559248+05:30,t,t,{5},1,1,1040,25,209
634,2018-10-25 11:54:40.559189+05:30,2018-10-25 11:54:40.559248+05:30,t,t,{5},1,1,1041,25,209
635,2018-10-25 11:54:40.559189+05:30,2018-10-25 11:54:40.559248+05:30,t,t,{5},1,1,1042,25,209
636,2018-10-25 11:54:40.559189+05:30,2018-10-25 11:54:40.559248+05:30,t,t,{5},1,1,1043,25,209
637,2018-10-25 11:54:40.559189+05:30,2018-10-25 11:54:40.559248+05:30,t,t,{5},1,1,1044,25,209
638,2018-10-25 11:54:40.559189+05:30,2018-10-25 11:54:40.559248+05:30,t,t,{5},1,1,1045,25,209
639,2018-10-25 11:54:40.559189+05:30,2018-10-25 11:54:40.559248+05:30,t,t,{5},1,1,1046,25,209
640,2018-10-25 11:54:40.559189+05:30,2018-10-25 11:54:40.559248+05:30,t,t,{5},1,1,1047,25,209
641,2018-10-25 11:54:40.559189+05:30,2018-10-25 11:54:40.559248+05:30,t,t,{5},1,1,1048,25,209
642,2018-10-25 11:54:40.559189+05:30,2018-10-25 11:54:40.559248+05:30,t,t,{5},1,1,1049,25,209
643,2018-10-25 11:54:40.559189+05:30,2018-10-25 11:54:40.559248+05:30,t,t,{5},1,1,1050,25,209
644,2018-10-25 11:54:40.559189+05:30,2018-10-25 11:54:40.559248+05:30,t,t,{5},1,1,1051,25,209
645,2018-10-25 11:54:40.559189+05:30,2018-10-25 11:54:40.559248+05:30,t,t,{5},1,1,1052,25,209
646,2018-10-25 11:54:40.559189+05:30,2018-10-25 11:54:40.559248+05:30,t,t,{5},1,1,1053,25,209
647,2018-10-25 11:54:40.559189+05:30,2018-10-25 11:54:40.559248+05:30,t,t,{5},1,1,1054,25,209
648,2018-10-25 11:54:40.559189+05:30,2018-10-25 11:54:40.559248+05:30,t,t,{5},1,1,1055,25,209
649,2018-10-25 11:54:40.559189+05:30,2018-10-25 11:54:40.559248+05:30,t,t,{5},1,1,1056,25,209
650,2018-10-25 11:54:40.559189+05:30,2018-10-25 11:54:40.559248+05:30,t,t,{5},1,1,1057,25,209
651,2018-10-25 11:54:40.559189+05:30,2018-10-25 11:54:40.559248+05:30,t,t,{5},1,1,1058,25,209
652,2018-10-25 11:54:40.559189+05:30,2018-10-25 11:54:40.559248+05:30,t,t,{5},1,1,1059,25,209
653,2018-10-25 11:54:40.559189+05:30,2018-10-25 11:54:40.559248+05:30,t,t,{5},1,1,1060,25,209
654,2018-10-25 11:54:40.559189+05:30,2018-10-25 11:54:40.559248+05:30,t,t,{5},1,1,1061,25,209
655,2018-10-25 11:54:40.559189+05:30,2018-10-25 11:54:40.559248+05:30,t,t,{5},1,1,1062,25,209
656,2018-10-25 11:54:40.559189+05:30,2018-10-25 11:54:40.559248+05:30,t,t,{5},1,1,1063,25,209
657,2018-10-25 11:54:40.559189+05:30,2018-10-25 11:54:40.559248+05:30,t,t,{5},1,1,1064,25,209
658,2018-10-25 11:54:40.559189+05:30,2018-10-25 11:54:40.559248+05:30,t,t,{5},1,1,1065,25,209
659,2018-10-25 11:54:40.559189+05:30,2018-10-25 11:54:40.559248+05:30,t,t,{5},1,1,1066,25,209
660,2018-10-25 11:54:40.559189+05:30,2018-10-25 11:54:40.559248+05:30,t,t,{5},1,1,1067,25,209
661,2018-10-25 11:54:40.559189+05:30,2018-10-25 11:54:40.559248+05:30,t,t,{5},1,1,1068,25,209
662,2018-10-25 11:54:40.559189+05:30,2018-10-25 11:54:40.559248+05:30,t,t,{5},1,1,1069,25,209
663,2018-10-25 11:54:40.559189+05:30,2018-10-25 11:54:40.559248+05:30,t,t,{5},1,1,1070,25,209
664,2018-10-25 11:54:40.559189+05:30,2018-10-25 11:54:40.559248+05:30,t,t,{5},1,1,1071,25,209
665,2018-10-25 11:54:40.559189+05:30,2018-10-25 11:54:40.559248+05:30,t,t,{5},1,1,1072,25,209
666,2018-10-25 11:54:40.559189+05:30,2018-10-25 11:54:40.559248+05:30,t,t,{5},1,1,1073,25,209
667,2018-10-25 11:54:40.559189+05:30,2018-10-25 11:54:40.559248+05:30,t,t,{5},1,1,1074,25,209
668,2018-10-25 11:54:40.559189+05:30,2018-10-25 11:54:40.559248+05:30,t,t,{5},1,1,1075,25,209
669,2018-10-25 11:54:40.559189+05:30,2018-10-25 11:54:40.559248+05:30,t,t,{5},1,1,1076,25,209
670,2018-10-25 11:54:40.559189+05:30,2018-10-25 11:54:40.559248+05:30,t,t,{5},1,1,1077,25,209
671,2018-10-25 11:54:40.559189+05:30,2018-10-25 11:54:40.559248+05:30,t,t,{5},1,1,832,25,209
672,2018-10-25 11:54:40.559189+05:30,2018-10-25 11:54:40.559248+05:30,t,t,{5},1,1,829,25,209
673,2018-10-25 11:54:40.559189+05:30,2018-10-25 11:54:40.559248+05:30,t,t,{5},1,1,199,25,209
674,2018-10-25 11:54:40.559189+05:30,2018-10-25 11:54:40.559248+05:30,t,t,{5},1,1,835,25,209
675,2018-10-25 11:54:40.559189+05:30,2018-10-25 11:54:40.559248+05:30,t,t,{5},1,1,831,25,209
676,2018-10-25 11:54:40.559189+05:30,2018-10-25 11:54:40.559248+05:30,t,t,{5},1,1,834,25,209
677,2018-10-25 11:54:40.559189+05:30,2018-10-25 11:54:40.559248+05:30,t,t,{5},1,1,167,25,209
678,2018-10-25 11:54:40.559189+05:30,2018-10-25 11:54:40.559248+05:30,t,t,{5},1,1,168,25,209
679,2018-10-25 11:54:40.559189+05:30,2018-10-25 11:54:40.559248+05:30,t,t,{5},1,1,169,25,209
680,2018-10-25 11:54:40.559189+05:30,2018-10-25 11:54:40.559248+05:30,t,t,{5},1,1,170,25,209
681,2018-10-25 11:54:40.559189+05:30,2018-10-25 11:54:40.559248+05:30,t,t,{5},1,1,827,25,209
682,2018-10-25 11:54:40.559189+05:30,2018-10-25 11:54:40.559248+05:30,t,t,{5},1,1,1078,25,209
683,2018-10-25 11:54:40.559189+05:30,2018-10-25 11:54:40.559248+05:30,t,t,{5},1,1,1079,25,209
684,2018-10-25 11:54:40.559189+05:30,2018-10-25 11:54:40.559248+05:30,t,t,{5},1,1,859,25,209
685,2018-10-25 11:54:40.559189+05:30,2018-10-25 11:54:40.559248+05:30,t,t,{5},1,1,826,25,209
686,2018-10-25 11:54:40.559189+05:30,2018-10-25 11:54:40.559248+05:30,t,t,{5},1,1,833,25,209
687,2018-10-25 11:54:40.559189+05:30,2018-10-25 11:54:40.559248+05:30,t,t,{10},1,1,1097,35,211
688,2018-10-25 11:54:40.559189+05:30,2018-10-25 11:54:40.559248+05:30,t,t,{10},1,1,821,35,211
689,2018-10-25 11:54:40.559189+05:30,2018-10-25 11:54:40.559248+05:30,t,t,{10},1,1,1088,35,211
690,2018-10-25 11:54:40.559189+05:30,2018-10-25 11:54:40.559248+05:30,t,t,{10},1,1,1096,35,211
691,2018-10-25 11:54:40.559189+05:30,2018-10-25 11:54:40.559248+05:30,t,t,{10},1,1,832,35,211
692,2018-10-25 11:54:40.559189+05:30,2018-10-25 11:54:40.559248+05:30,t,t,{10},1,1,851,35,211
693,2018-10-25 11:54:40.559189+05:30,2018-10-25 11:54:40.559248+05:30,t,t,{10},1,1,1089,35,211
694,2018-10-25 11:54:40.559189+05:30,2018-10-25 11:54:40.559248+05:30,t,t,{10},1,1,853,35,211
695,2018-10-25 11:54:40.559189+05:30,2018-10-25 11:54:40.559248+05:30,t,t,{10},1,1,831,35,211
696,2018-10-25 11:54:40.559189+05:30,2018-10-25 11:54:40.559248+05:30,t,t,{10},1,1,848,35,211
697,2018-10-25 11:54:40.559189+05:30,2018-10-25 11:54:40.559248+05:30,t,t,{10},1,1,835,35,211
698,2018-10-25 11:54:40.559189+05:30,2018-10-25 11:54:40.559248+05:30,t,t,{10},1,1,199,35,211
699,2018-10-25 11:54:40.559189+05:30,2018-10-25 11:54:40.559248+05:30,t,t,{10},1,1,843,35,211
700,2018-10-25 11:54:40.559189+05:30,2018-10-25 11:54:40.559248+05:30,t,t,{10},1,1,844,35,211
701,2018-10-25 11:54:40.559189+05:30,2018-10-25 11:54:40.559248+05:30,t,t,{10},1,1,849,35,211
702,2018-10-25 11:54:40.559189+05:30,2018-10-25 11:54:40.559248+05:30,t,t,{10},1,1,845,35,211
703,2018-10-25 11:54:40.559189+05:30,2018-10-25 11:54:40.559248+05:30,t,t,{10},1,1,846,35,211
704,2018-10-25 11:54:40.559189+05:30,2018-10-25 11:54:40.559248+05:30,t,t,{10},1,1,828,35,211
705,2018-10-25 11:54:40.559189+05:30,2018-10-25 11:54:40.559248+05:30,t,t,{10},1,1,167,35,211
706,2018-10-25 11:54:40.559189+05:30,2018-10-25 11:54:40.559248+05:30,t,t,{10},1,1,168,35,211
707,2018-10-25 11:54:40.559189+05:30,2018-10-25 11:54:40.559248+05:30,t,t,{10},1,1,169,35,211
708,2018-10-25 11:54:40.559189+05:30,2018-10-25 11:54:40.559248+05:30,t,t,{10},1,1,170,35,211
709,2018-10-25 11:54:40.559189+05:30,2018-10-25 11:54:40.559248+05:30,t,t,{10},1,1,1078,35,211
710,2018-10-25 11:54:40.559189+05:30,2018-10-25 11:54:40.559248+05:30,t,t,{10},1,1,859,35,211
711,2018-10-25 11:54:40.559189+05:30,2018-10-25 11:54:40.559248+05:30,t,t,{10},1,1,1079,35,211
