id,created_date,modified_date,is_active,holiday_information,holiday_date,holiday_type_id,org_id_id,org_unit_id_id,year_id,created_by_id,modified_by_id
1,2018-07-26 21:57:00+05:30,2018-07-26 21:57:00+05:30,t,New Year's Day,2018-01-01 21:57:00+05:30,380,1,1,472,1,1
2,2018-07-26 21:57:00+05:30,2018-07-26 21:57:00+05:31,t,Good Friday,2018-03-30 21:57:00+05:30,380,1,1,472,1,1
3,2018-07-26 21:57:00+05:30,2018-07-26 21:57:00+05:32,t,Easter Saturday,2018-03-31 21:57:00+05:30,380,1,1,472,1,1
4,2018-07-26 21:57:00+05:30,2018-07-26 21:57:00+05:33,t,Easter Sunday,2018-04-01 21:57:00+05:30,380,1,1,472,1,1
5,2018-07-26 21:57:00+05:30,2018-07-26 21:57:00+05:34,t,Queen's Birthday,2018-06-11 21:57:00+05:30,380,1,1,472,1,1
6,2018-07-26 21:57:00+05:30,2018-07-26 21:57:00+05:35,t,National Remembrance Day,2018-07-23 21:57:00+05:30,380,1,1,472,1,1
7,2018-07-26 21:57:00+05:30,2018-07-26 21:57:00+05:36,t,National Repentance Day (in lieu),2018-08-27 21:57:00+05:30,380,1,1,472,1,1
8,2018-07-26 21:57:00+05:30,2018-07-26 21:57:00+05:37,t,Independence Day (in lieu),2018-09-17 21:57:00+05:30,380,1,1,472,1,1
9,2018-07-26 21:57:00+05:30,2018-07-26 21:57:00+05:38,t,Chirstmas Day,2018-12-25 21:57:00+05:30,380,1,1,472,1,1
10,2018-07-26 21:57:00+05:30,2018-07-26 21:57:00+05:39,t,Boxing Day,2018-12-26 21:57:00+05:30,380,1,1,472,1,1
